codici_specialita,codici_ospedale,MONDAY,TUESDAY,WEDNESDAY,THURSDAY,FRIDAY,SATURDAY,SUNDAY,capacita_max
spec_33,res_01090702,"2,00","7,00","3,00","2,00","2,00","1,00","2,00","15,00"
spec_33,res_01090501,"1,00","0,00","1,00","1,00","0,00","0,00","0,00","1,00"
spec_33,res_01002301,"2,00","0,00","0,00","0,00","1,00","0,00","0,00","2,00"
spec_33,res_01090701,"0,00","0,00","0,00","0,00","1,00","0,00","0,00","1,00"
spec_33,res_01090302,"7,00","6,00","6,00","6,00","4,00","1,00","1,00","36,00"
spec_30,res_01090501,"7,00","8,00","7,00","8,00","6,00","3,00","7,00","36,00"
spec_30,res_01090702,"0,00","0,00","1,00","0,00","0,00","0,00","0,00","1,00"
spec_30,res_01090600,"5,00","5,00","5,00","6,00","4,00","3,00","4,00","26,00"
spec_30,res_01090701,"9,00","7,00","8,00","6,00","5,00","4,00","4,00","26,00"
spec_30,res_01001100,"4,00","4,00","3,00","3,00","4,00","2,00","4,00","18,00"
spec_30,res_01062800,"1,00","1,00","5,00","7,00","1,00","2,00","0,00","11,00"
spec_30,res_01090101,"6,00","7,00","6,00","6,00","8,00","4,00","5,00","32,00"
spec_30,res_01090201,"7,00","7,00","5,00","5,00","4,00","1,00","4,00","20,00"
spec_30,res_01061600,"4,00","5,00","5,00","6,00","5,00","2,00","5,00","12,00"
spec_30,res_01090102,"0,00","0,00","0,00","1,00","0,00","0,00","0,00","1,00"
spec_30,res_01061100,"3,00","6,00","6,00","6,00","1,00","0,00","0,00","14,00"
spec_99,res_01000801,"16,00","22,00","21,00","23,00","17,00","2,00","1,00","48,00"
spec_99,res_01090400,"26,00","21,00","27,00","24,00","23,00","3,00","2,00","41,00"
spec_99,res_01000802,"11,00","12,00","10,00","7,00","12,00","0,00","0,00","12,00"
spec_99,res_01061200,"11,00","15,00","13,00","12,00","22,00","0,00","0,00","22,00"
spec_99,res_01007903,"20,00","16,00","22,00","12,00","12,00","0,00","0,00","22,00"
spec_99,res_01002602,"0,00","4,00","8,00","5,00","8,00","0,00","0,00","8,00"
spec_99,res_01002606,"4,00","5,00","3,00","4,00","2,00","0,00","0,00","5,00"
spec_99,res_01002605,"18,00","14,00","17,00","20,00","12,00","2,00","1,00","20,00"
spec_99,res_01000502,"16,00","18,00","16,00","15,00","10,00","0,00","0,00","18,00"
spec_99,res_01002604,"19,00","17,00","18,00","20,00","19,00","0,00","0,00","20,00"
spec_99,res_01000501,"12,00","19,00","12,00","19,00","11,00","1,00","0,00","21,00"
spec_99,res_01090302,"15,00","14,00","18,00","13,00","11,00","1,00","0,00","19,00"
spec_99,res_01088200,"14,00","16,00","11,00","12,00","11,00","0,00","1,00","16,00"
spec_99,res_01063200,"37,00","18,00","31,00","29,00","31,00","0,00","0,00","37,00"
spec_99,res_01066100,"10,00","4,00","15,00","3,00","20,00","2,00","1,00","20,00"
spec_99,res_01000902,"12,00","12,00","11,00","13,00","20,00","0,00","0,00","20,00"
spec_99,res_01090702,"3,00","5,00","13,00","3,00","8,00","1,00","0,00","13,00"
spec_99,res_01000901,"11,00","28,00","18,00","15,00","15,00","0,00","0,00","28,00"
spec_99,res_01001100,"17,00","21,00","26,00","16,00","18,00","0,00","0,00","119,00"
spec_99,res_01001903,"8,00","8,00","4,00","9,00","8,00","0,00","0,00","9,00"
spec_99,res_01089200,"11,00","10,00","14,00","17,00","15,00","0,00","0,00","17,00"
spec_99,res_01001700,"7,00","7,00","7,00","7,00","7,00","0,00","0,00","7,00"
spec_99,res_01065300,"13,00","13,00","15,00","11,00","13,00","1,00","0,00","15,00"
spec_99,res_01001901,"11,00","10,00","12,00","10,00","11,00","0,00","0,00","12,00"
spec_99,res_01000404,"7,00","8,00","6,00","8,00","2,00","0,00","0,00","10,00"
spec_99,res_01002701,"15,00","18,00","18,00","11,00","9,00","0,00","0,00","18,00"
spec_99,res_01000402,"12,00","9,00","9,00","14,00","7,00","0,00","0,00","15,00"
spec_99,res_01000403,"12,00","7,00","5,00","8,00","7,00","0,00","0,00","13,00"
spec_99,res_01000401,"8,00","10,00","7,00","11,00","11,00","1,00","0,00","15,00"
spec_99,res_01002302,"12,00","13,00","11,00","15,00","5,00","0,00","0,00","15,00"
spec_99,res_01003001,"21,00","17,00","19,00","18,00","16,00","0,00","0,00","97,00"
spec_99,res_01064000,"0,00","26,00","0,00","0,00","10,00","0,00","0,00","26,00"
spec_99,res_01090201,"7,00","9,00","11,00","11,00","2,00","0,00","0,00","11,00"
spec_97,res_01000801,"1,00","1,00","1,00","1,00","1,00","0,00","0,00","2,00"
spec_97,res_01090600,"1,00","0,00","1,00","1,00","1,00","1,00","1,00","2,00"
spec_97,res_01090101,"2,00","2,00","3,00","3,00","3,00","3,00","1,00","17,00"
spec_77,res_01090302,"3,00","3,00","3,00","2,00","3,00","1,00","2,00","11,00"
spec_76,res_01090302,"4,00","2,00","3,00","4,00","3,00","1,00","2,00","12,00"
spec_43,res_01089700,"6,00","6,00","6,00","6,00","5,00","2,00","3,00","15,00"
spec_43,res_01000801,"7,00","5,00","9,00","7,00","3,00","4,00","6,00","28,00"
spec_43,res_01090400,"9,00","8,00","14,00","7,00","4,00","2,00","6,00","27,00"
spec_43,res_01090600,"13,00","10,00","15,00","9,00","5,00","2,00","10,00","31,00"
spec_43,res_01065600,"9,00","15,00","8,00","3,00","25,00","5,00","4,00","30,00"
spec_43,res_01090800,"9,00","2,00","11,00","8,00","9,00","1,00","2,00","13,00"
spec_43,res_01007901,"10,00","8,00","9,00","5,00","7,00","4,00","3,00","18,00"
spec_43,res_01061200,"6,00","5,00","7,00","7,00","5,00","1,00","5,00","14,00"
spec_43,res_01007905,"0,00","0,00","0,00","0,00","1,00","0,00","0,00","1,00"
spec_43,res_01007903,"0,00","1,00","0,00","0,00","1,00","0,00","0,00","1,00"
spec_43,res_01061000,"3,00","8,00","3,00","3,00","4,00","5,00","1,00","9,00"
spec_43,res_01007902,"0,00","1,00","0,00","0,00","0,00","0,00","0,00","1,00"
spec_43,res_01002603,"7,00","7,00","5,00","6,00","10,00","2,00","2,00","22,00"
spec_43,res_01002601,"5,00","7,00","6,00","6,00","6,00","2,00","5,00","13,00"
spec_43,res_01064300,"8,00","11,00","3,00","3,00","7,00","1,00","3,00","20,00"
spec_43,res_01002605,"4,00","5,00","3,00","1,00","2,00","2,00","1,00","10,00"
spec_43,res_01000502,"0,00","9,00","1,00","1,00","1,00","0,00","0,00","9,00"
spec_43,res_01000300,"7,00","8,00","8,00","6,00","6,00","2,00","3,00","18,00"
spec_43,res_01002604,"6,00","5,00","5,00","4,00","3,00","3,00","4,00","13,00"
spec_43,res_01000501,"6,00","3,00","7,00","12,00","6,00","2,00","4,00","16,00"
spec_43,res_01090101,"25,00","25,00","25,00","23,00","20,00","5,00","8,00","60,00"
spec_43,res_01062600,"7,00","7,00","9,00","10,00","12,00","0,00","1,00","24,00"
spec_43,res_01008500,"8,00","6,00","4,00","12,00","6,00","2,00","4,00","26,00"
spec_43,res_01012001,"11,00","10,00","10,00","13,00","9,00","2,00","3,00","20,00"
spec_43,res_01012002,"0,00","0,00","0,00","0,00","1,00","0,00","0,00","1,00"
spec_43,res_01063200,"10,00","8,00","13,00","1,00","2,00","1,00","2,00","17,00"
spec_43,res_01000902,"3,00","3,00","4,00","3,00","4,00","1,00","1,00","9,00"
spec_43,res_01065500,"9,00","11,00","9,00","7,00","7,00","0,00","4,00","18,00"
spec_43,res_01012401,"7,00","4,00","7,00","8,00","9,00","1,00","3,00","12,00"
spec_43,res_01000901,"4,00","4,00","5,00","4,00","6,00","2,00","4,00","13,00"
spec_43,res_01000700,"5,00","3,00","7,00","2,00","2,00","3,00","4,00","14,00"
spec_43,res_01090501,"8,00","10,00","7,00","6,00","7,00","2,00","5,00","28,00"
spec_43,res_01090701,"14,00","9,00","8,00","11,00","8,00","3,00","6,00","21,00"
spec_43,res_01001100,"5,00","7,00","6,00","7,00","5,00","5,00","7,00","23,00"
spec_43,res_01090901,"1,00","0,00","0,00","0,00","0,00","0,00","0,00","1,00"
spec_43,res_01089200,"9,00","8,00","10,00","9,00","7,00","1,00","1,00","20,00"
spec_43,res_01001700,"3,00","5,00","2,00","3,00","2,00","2,00","1,00","8,00"
spec_43,res_01001903,"0,00","0,00","0,00","0,00","1,00","0,00","0,00","1,00"
spec_43,res_01001901,"4,00","4,00","5,00","4,00","2,00","2,00","4,00","14,00"
spec_43,res_01061100,"9,00","12,00","3,00","12,00","1,00","1,00","1,00","16,00"
spec_43,res_01061800,"10,00","11,00","6,00","4,00","1,00","0,00","2,00","15,00"
spec_43,res_01000403,"3,00","3,00","3,00","3,00","1,00","0,00","2,00","8,00"
spec_43,res_01002301,"13,00","7,00","8,00","5,00","7,00","2,00","2,00","20,00"
spec_43,res_01000602,"0,00","1,00","0,00","0,00","0,00","0,00","0,00","1,00"
spec_43,res_01003001,"5,00","5,00","4,00","4,00","8,00","3,00","1,00","36,00"
spec_43,res_01012601,"8,00","11,00","11,00","8,00","8,00","2,00","3,00","21,00"
spec_43,res_01000601,"8,00","5,00","9,00","5,00","6,00","2,00","4,00","17,00"
spec_43,res_01090203,"5,00","8,00","6,00","7,00","6,00","1,00","1,00","34,00"
spec_64,res_01089700,"13,00","10,00","10,00","6,00","11,00","0,00","1,00","128,00"
spec_64,res_01000801,"17,00","20,00","15,00","13,00","20,00","0,00","0,00","259,00"
spec_64,res_01090400,"2,00","3,00","2,00","3,00","2,00","2,00","1,00","9,00"
spec_64,res_01090600,"28,00","19,00","26,00","11,00","23,00","3,00","3,00","210,00"
spec_64,res_01090800,"48,00","31,00","37,00","9,00","31,00","0,00","0,00","305,00"
spec_64,res_01001200,"23,00","15,00","18,00","28,00","16,00","0,00","0,00","196,00"
spec_64,res_01061000,"1,00","0,00","0,00","0,00","0,00","0,00","0,00","1,00"
spec_64,res_01002603,"8,00","6,00","10,00","4,00","3,00","0,00","0,00","88,00"
spec_64,res_01002601,"22,00","16,00","14,00","16,00","11,00","3,00","2,00","168,00"
spec_64,res_01000502,"20,00","16,00","11,00","9,00","12,00","3,00","3,00","143,00"
spec_64,res_01000300,"4,00","5,00","4,00","4,00","3,00","0,00","0,00","33,00"
spec_64,res_01000501,"7,00","4,00","5,00","5,00","7,00","0,00","0,00","45,00"
spec_64,res_01090101,"92,00","67,00","50,00","32,00","74,00","4,00","4,00","567,00"
spec_64,res_01090301,"16,00","14,00","10,00","15,00","4,00","0,00","0,00","116,00"
spec_64,res_01008500,"17,00","14,00","17,00","9,00","18,00","2,00","1,00","205,00"
spec_64,res_01088200,"6,00","6,00","4,00","4,00","6,00","1,00","0,00","29,00"
spec_64,res_01012001,"26,00","20,00","28,00","8,00","21,00","0,00","0,00","237,00"
spec_64,res_01012002,"6,00","5,00","5,00","5,00","6,00","0,00","0,00","65,00"
spec_64,res_01000902,"0,00","0,00","0,00","0,00","1,00","0,00","0,00","1,00"
spec_64,res_01012401,"5,00","7,00","6,00","5,00","4,00","0,00","0,00","52,00"
spec_64,res_01000901,"11,00","11,00","12,00","14,00","11,00","2,00","3,00","160,00"
spec_64,res_01000700,"2,00","1,00","2,00","2,00","2,00","2,00","2,00","8,00"
spec_64,res_01090501,"21,00","18,00","26,00","20,00","19,00","2,00","2,00","211,00"
spec_64,res_01090701,"4,00","8,00","5,00","5,00","4,00","3,00","3,00","21,00"
spec_64,res_01001100,"15,00","18,00","9,00","6,00","17,00","0,00","0,00","112,00"
spec_64,res_01089200,"31,00","23,00","20,00","14,00","23,00","4,00","4,00","220,00"
spec_64,res_01001700,"8,00","15,00","9,00","7,00","14,00","0,00","0,00","235,00"
spec_64,res_01003003,"4,00","4,00","2,00","1,00","0,00","0,00","0,00","6,00"
spec_64,res_01002301,"25,00","19,00","12,00","10,00","15,00","2,00","2,00","175,00"
spec_64,res_01003001,"19,00","10,00","5,00","4,00","4,00","0,00","0,00","94,00"
spec_64,res_01000601,"11,00","10,00","8,00","8,00","8,00","0,00","0,00","94,00"
spec_64,res_01012602,"12,00","6,00","7,00","4,00","6,00","0,00","0,00","65,00"
spec_11,res_01090702,"9,00","15,00","9,00","15,00","7,00","3,00","3,00","89,00"
spec_11,res_01090501,"6,00","6,00","6,00","4,00","6,00","1,00","2,00","9,00"
spec_11,res_01090302,"6,00","5,00","5,00","4,00","3,00","4,00","3,00","16,00"
spec_34,res_01089700,"2,00","0,00","3,00","0,00","0,00","0,00","0,00","3,00"
spec_34,res_01000801,"2,00","2,00","2,00","6,00","2,00","1,00","2,00","11,00"
spec_34,res_01090400,"1,00","2,00","2,00","1,00","0,00","0,00","0,00","3,00"
spec_34,res_01090600,"18,00","20,00","25,00","20,00","19,00","2,00","2,00","33,00"
spec_34,res_01001000,"62,00","47,00","65,00","61,00","61,00","8,00","5,00","78,00"
spec_34,res_01090800,"8,00","1,00","4,00","12,00","1,00","0,00","0,00","12,00"
spec_34,res_01001200,"6,00","6,00","7,00","7,00","10,00","0,00","0,00","10,00"
spec_34,res_01061200,"6,00","7,00","2,00","3,00","14,00","0,00","0,00","14,00"
spec_34,res_01002603,"6,00","5,00","7,00","5,00","7,00","0,00","0,00","35,00"
spec_34,res_01002601,"14,00","10,00","15,00","8,00","8,00","1,00","1,00","19,00"
spec_34,res_01064300,"0,00","0,00","0,00","0,00","1,00","0,00","0,00","1,00"
spec_34,res_01000503,"15,00","5,00","9,00","0,00","0,00","0,00","0,00","15,00"
spec_34,res_01064900,"2,00","8,00","9,00","1,00","9,00","0,00","0,00","9,00"
spec_34,res_01000300,"7,00","9,00","9,00","9,00","9,00","1,00","1,00","10,00"
spec_34,res_01002604,"0,00","0,00","0,00","1,00","0,00","0,00","0,00","1,00"
spec_34,res_01000501,"1,00","1,00","1,00","1,00","2,00","1,00","1,00","3,00"
spec_34,res_01062800,"5,00","0,00","0,00","1,00","4,00","0,00","2,00","5,00"
spec_34,res_01090502,"3,00","4,00","3,00","3,00","6,00","2,00","1,00","6,00"
spec_34,res_01062600,"7,00","0,00","1,00","4,00","0,00","0,00","0,00","7,00"
spec_34,res_01008500,"8,00","8,00","6,00","7,00","5,00","1,00","1,00","9,00"
spec_34,res_01012001,"11,00","1,00","11,00","3,00","3,00","1,00","1,00","12,00"
spec_34,res_01063200,"1,00","3,00","1,00","3,00","1,00","0,00","0,00","3,00"
spec_34,res_01012402,"2,00","7,00","1,00","6,00","1,00","1,00","0,00","9,00"
spec_34,res_01065500,"0,00","9,00","9,00","10,00","3,00","0,00","0,00","10,00"
spec_34,res_01000901,"1,00","2,00","2,00","1,00","1,00","1,00","0,00","2,00"
spec_34,res_01012401,"7,00","0,00","0,00","0,00","0,00","0,00","0,00","7,00"
spec_34,res_01090701,"8,00","10,00","9,00","2,00","11,00","0,00","1,00","12,00"
spec_34,res_01089200,"9,00","9,00","9,00","9,00","9,00","1,00","0,00","11,00"
spec_34,res_01001901,"2,00","1,00","2,00","1,00","2,00","1,00","1,00","5,00"
spec_34,res_01061100,"23,00","13,00","16,00","15,00","13,00","0,00","1,00","23,00"
spec_34,res_01002301,"10,00","8,00","7,00","7,00","4,00","1,00","1,00","11,00"
spec_34,res_01000602,"8,00","6,00","9,00","6,00","2,00","1,00","0,00","9,00"
spec_34,res_01003001,"2,00","2,00","3,00","3,00","3,00","1,00","0,00","5,00"
spec_34,res_01012601,"12,00","3,00","9,00","9,00","2,00","1,00","1,00","14,00"
spec_34,res_01000601,"0,00","0,00","1,00","0,00","0,00","0,00","0,00","1,00"
spec_34,res_01064200,"9,00","19,00","18,00","0,00","26,00","23,00","0,00","26,00"
spec_35,res_01002601,"8,00","1,00","2,00","1,00","0,00","0,00","0,00","8,00"
spec_35,res_01000503,"0,00","0,00","0,00","4,00","12,00","10,00","0,00","12,00"
spec_35,res_01090400,"2,00","1,00","2,00","2,00","2,00","0,00","0,00","3,00"
spec_35,res_01090600,"8,00","4,00","8,00","5,00","9,00","2,00","2,00","18,00"
spec_35,res_01000300,"3,00","4,00","5,00","4,00","5,00","0,00","0,00","5,00"
spec_35,res_01090800,"9,00","5,00","8,00","5,00","5,00","0,00","0,00","9,00"
spec_35,res_01090101,"4,00","5,00","5,00","8,00","6,00","0,00","0,00","8,00"
spec_29,res_01000801,"2,00","3,00","4,00","4,00","2,00","2,00","1,00","10,00"
spec_29,res_01090600,"5,00","4,00","5,00","4,00","4,00","3,00","2,00","22,00"
spec_29,res_01000802,"0,00","0,00","0,00","0,00","0,00","1,00","0,00","1,00"
spec_29,res_01090800,"2,00","2,00","2,00","2,00","2,00","2,00","1,00","8,00"
spec_29,res_01002603,"0,00","0,00","0,00","1,00","0,00","0,00","0,00","1,00"
spec_29,res_01002601,"2,00","1,00","2,00","2,00","2,00","1,00","0,00","7,00"
spec_29,res_01000502,"4,00","6,00","4,00","3,00","4,00","3,00","2,00","19,00"
spec_29,res_01002604,"2,00","2,00","2,00","1,00","1,00","1,00","1,00","5,00"
spec_29,res_01000501,"1,00","0,00","0,00","0,00","0,00","0,00","1,00","1,00"
spec_29,res_01090101,"3,00","3,00","3,00","4,00","3,00","3,00","3,00","18,00"
spec_29,res_01090102,"0,00","0,00","0,00","0,00","1,00","0,00","0,00","1,00"
spec_29,res_01008500,"3,00","5,00","5,00","4,00","5,00","4,00","2,00","22,00"
spec_29,res_01012001,"6,00","5,00","5,00","5,00","5,00","2,00","1,00","74,00"
spec_29,res_01012002,"1,00","0,00","0,00","0,00","0,00","0,00","0,00","1,00"
spec_29,res_01012402,"2,00","3,00","2,00","2,00","2,00","2,00","1,00","6,00"
spec_29,res_01000901,"3,00","2,00","3,00","3,00","3,00","2,00","2,00","10,00"
spec_29,res_01000700,"2,00","2,00","2,00","2,00","3,00","2,00","1,00","9,00"
spec_29,res_01090501,"6,00","7,00","6,00","6,00","6,00","4,00","4,00","32,00"
spec_29,res_01012401,"1,00","0,00","0,00","1,00","0,00","0,00","0,00","2,00"
spec_29,res_01090701,"5,00","4,00","4,00","3,00","3,00","2,00","1,00","19,00"
spec_29,res_01001100,"5,00","5,00","6,00","4,00","5,00","2,00","2,00","18,00"
spec_29,res_01001700,"2,00","2,00","1,00","2,00","2,00","1,00","1,00","6,00"
spec_29,res_01001901,"3,00","3,00","2,00","4,00","6,00","2,00","3,00","12,00"
spec_29,res_01000403,"0,00","0,00","0,00","0,00","1,00","0,00","0,00","1,00"
spec_29,res_01002301,"5,00","3,00","5,00","4,00","3,00","2,00","1,00","84,00"
spec_29,res_01003002,"0,00","0,00","0,00","1,00","0,00","0,00","0,00","1,00"
spec_29,res_01003001,"4,00","5,00","6,00","3,00","3,00","3,00","2,00","24,00"
spec_29,res_01000401,"3,00","3,00","4,00","4,00","2,00","2,00","1,00","9,00"
spec_29,res_01002302,"0,00","0,00","0,00","1,00","0,00","0,00","0,00","1,00"
spec_29,res_01000601,"5,00","3,00","3,00","4,00","3,00","2,00","2,00","17,00"
spec_29,res_01090201,"3,00","3,00","4,00","2,00","4,00","2,00","1,00","15,00"
spec_71,res_01000901,"3,00","2,00","2,00","3,00","2,00","1,00","1,00","8,00"
spec_71,res_01090600,"8,00","2,00","3,00","3,00","5,00","1,00","1,00","50,00"
spec_71,res_01090701,"3,00","2,00","2,00","2,00","3,00","1,00","1,00","29,00"
spec_71,res_01090800,"4,00","5,00","4,00","3,00","2,00","0,00","1,00","41,00"
spec_71,res_01090101,"5,00","3,00","5,00","4,00","2,00","0,00","0,00","51,00"
spec_32,res_01000801,"5,00","5,00","6,00","6,00","6,00","5,00","4,00","31,00"
spec_32,res_01090400,"5,00","5,00","5,00","6,00","5,00","4,00","4,00","25,00"
spec_32,res_01090600,"7,00","5,00","6,00","6,00","6,00","5,00","4,00","58,00"
spec_32,res_01000802,"0,00","1,00","0,00","0,00","0,00","0,00","1,00","1,00"
spec_32,res_01090800,"3,00","3,00","4,00","3,00","3,00","2,00","1,00","11,00"
spec_32,res_01001200,"5,00","4,00","1,00","0,00","0,00","0,00","0,00","6,00"
spec_32,res_01007901,"3,00","2,00","1,00","1,00","1,00","0,00","0,00","5,00"
spec_32,res_01061200,"4,00","3,00","4,00","2,00","2,00","1,00","2,00","11,00"
spec_32,res_01002603,"3,00","4,00","5,00","3,00","4,00","3,00","3,00","21,00"
spec_32,res_01092000,"3,00","5,00","4,00","4,00","2,00","0,00","0,00","17,00"
spec_32,res_01002602,"0,00","0,00","0,00","1,00","1,00","0,00","0,00","1,00"
spec_32,res_01002601,"5,00","4,00","4,00","5,00","3,00","5,00","3,00","24,00"
spec_32,res_01002606,"1,00","0,00","0,00","0,00","1,00","0,00","1,00","1,00"
spec_32,res_01000502,"1,00","1,00","1,00","0,00","1,00","1,00","0,00","3,00"
spec_32,res_01000300,"6,00","5,00","6,00","7,00","5,00","4,00","4,00","30,00"
spec_32,res_01002604,"4,00","4,00","4,00","2,00","4,00","4,00","3,00","16,00"
spec_32,res_01000501,"4,00","3,00","5,00","5,00","5,00","3,00","4,00","21,00"
spec_32,res_01090101,"20,00","16,00","16,00","9,00","10,00","5,00","6,00","65,00"
spec_32,res_01008500,"6,00","6,00","6,00","7,00","9,00","4,00","4,00","53,00"
spec_32,res_01012001,"5,00","6,00","5,00","4,00","4,00","3,00","3,00","36,00"
spec_32,res_01012002,"0,00","0,00","1,00","0,00","0,00","0,00","0,00","1,00"
spec_32,res_01000901,"5,00","4,00","5,00","4,00","4,00","3,00","3,00","20,00"
spec_32,res_01000700,"3,00","3,00","3,00","2,00","3,00","3,00","2,00","9,00"
spec_32,res_01090501,"8,00","7,00","6,00","5,00","9,00","4,00","4,00","37,00"
spec_32,res_01090701,"8,00","11,00","8,00","8,00","6,00","7,00","4,00","65,00"
spec_32,res_01001100,"3,00","3,00","3,00","3,00","3,00","3,00","2,00","13,00"
spec_32,res_01001700,"5,00","5,00","5,00","7,00","5,00","4,00","6,00","27,00"
spec_32,res_01001903,"1,00","0,00","1,00","0,00","1,00","1,00","0,00","2,00"
spec_32,res_01001901,"4,00","4,00","4,00","5,00","5,00","5,00","3,00","21,00"
spec_32,res_01002301,"5,00","5,00","4,00","6,00","6,00","5,00","4,00","33,00"
spec_32,res_01000401,"2,00","2,00","1,00","2,00","1,00","1,00","1,00","5,00"
spec_32,res_01002302,"1,00","0,00","0,00","1,00","0,00","0,00","0,00","2,00"
spec_32,res_01003001,"5,00","7,00","6,00","5,00","4,00","3,00","5,00","25,00"
spec_32,res_01012601,"4,00","3,00","3,00","4,00","3,00","3,00","4,00","16,00"
spec_32,res_01000601,"2,00","3,00","3,00","2,00","3,00","2,00","2,00","7,00"
spec_32,res_01064000,"4,00","4,00","3,00","3,00","2,00","1,00","0,00","15,00"
spec_32,res_01012602,"1,00","0,00","1,00","1,00","1,00","1,00","1,00","3,00"
spec_14,res_01063200,"0,00","0,00","1,00","1,00","0,00","0,00","2,00","2,00"
spec_14,res_01065500,"5,00","10,00","7,00","3,00","15,00","0,00","0,00","20,00"
spec_14,res_01000801,"5,00","4,00","3,00","4,00","2,00","1,00","2,00","15,00"
spec_14,res_01090501,"12,00","8,00","7,00","7,00","7,00","2,00","2,00","33,00"
spec_14,res_01090600,"10,00","7,00","9,00","7,00","7,00","3,00","3,00","23,00"
spec_14,res_01090701,"5,00","6,00","6,00","4,00","6,00","2,00","3,00","18,00"
spec_14,res_01001100,"4,00","3,00","4,00","4,00","4,00","4,00","3,00","13,00"
spec_14,res_01090800,"9,00","7,00","8,00","8,00","5,00","3,00","5,00","24,00"
spec_14,res_01000501,"3,00","2,00","1,00","1,00","1,00","1,00","1,00","5,00"
spec_14,res_01090101,"12,00","12,00","11,00","8,00","14,00","3,00","6,00","37,00"
spec_14,res_01061600,"8,00","7,00","5,00","5,00","7,00","2,00","3,00","16,00"
spec_14,res_01008500,"4,00","3,00","11,00","6,00","7,00","3,00","1,00","15,00"
spec_68,res_01002601,"3,00","3,00","3,00","3,00","4,00","0,00","0,00","28,00"
spec_68,res_01000901,"6,00","5,00","5,00","4,00","5,00","4,00","4,00","24,00"
spec_68,res_01090501,"7,00","5,00","6,00","5,00","4,00","4,00","3,00","19,00"
spec_68,res_01002606,"1,00","3,00","2,00","2,00","2,00","1,00","0,00","5,00"
spec_68,res_01090400,"8,00","9,00","7,00","7,00","8,00","6,00","6,00","52,00"
spec_68,res_01090600,"6,00","6,00","6,00","6,00","5,00","5,00","4,00","33,00"
spec_68,res_01090701,"6,00","7,00","7,00","7,00","5,00","7,00","4,00","30,00"
spec_68,res_01090800,"2,00","2,00","2,00","3,00","2,00","2,00","2,00","9,00"
spec_68,res_01002604,"1,00","1,00","0,00","1,00","0,00","1,00","0,00","2,00"
spec_68,res_01090302,"2,00","5,00","9,00","5,00","5,00","2,00","2,00","12,00"
spec_68,res_01090101,"5,00","3,00","3,00","3,00","3,00","2,00","2,00","27,00"
spec_68,res_01008500,"6,00","9,00","5,00","4,00","7,00","4,00","3,00","32,00"
spec_61,res_01090701,"2,00","1,00","2,00","0,00","2,00","0,00","0,00","2,00"
spec_61,res_01090800,"5,00","5,00","5,00","5,00","5,00","0,00","0,00","5,00"
spec_19,res_01002601,"2,00","2,00","2,00","2,00","2,00","0,00","0,00","18,00"
spec_19,res_01090501,"3,00","2,00","3,00","2,00","1,00","1,00","0,00","8,00"
spec_19,res_01090600,"7,00","7,00","6,00","4,00","7,00","3,00","2,00","21,00"
spec_19,res_01090701,"5,00","4,00","4,00","5,00","3,00","3,00","3,00","17,00"
spec_19,res_01002301,"3,00","2,00","2,00","2,00","2,00","0,00","0,00","53,00"
spec_19,res_01090800,"2,00","4,00","4,00","4,00","4,00","3,00","2,00","28,00"
spec_19,res_01001200,"3,00","3,00","2,00","3,00","4,00","0,00","0,00","13,00"
spec_19,res_01000401,"1,00","3,00","1,00","2,00","3,00","0,00","0,00","22,00"
spec_19,res_01090302,"11,00","11,00","9,00","10,00","7,00","1,00","1,00","12,00"
spec_19,res_01012601,"1,00","2,00","1,00","0,00","1,00","0,00","0,00","3,00"
spec_19,res_01090101,"9,00","7,00","8,00","6,00","7,00","2,00","2,00","40,00"
spec_19,res_01090201,"2,00","1,00","3,00","1,00","1,00","0,00","0,00","8,00"
spec_31,res_01000902,"5,00","4,00","7,00","5,00","4,00","4,00","4,00","13,00"
spec_31,res_01012401,"1,00","1,00","1,00","1,00","1,00","1,00","2,00","2,00"
spec_31,res_01000901,"4,00","6,00","5,00","5,00","6,00","7,00","5,00","11,00"
spec_31,res_01090501,"0,00","0,00","1,00","0,00","0,00","0,00","0,00","1,00"
spec_31,res_01000700,"0,00","0,00","0,00","0,00","1,00","0,00","0,00","1,00"
spec_31,res_01090702,"0,00","1,00","1,00","1,00","1,00","1,00","1,00","1,00"
spec_31,res_01090600,"0,00","0,00","0,00","0,00","1,00","0,00","0,00","1,00"
spec_31,res_01090800,"8,00","7,00","9,00","9,00","10,00","6,00","7,00","19,00"
spec_31,res_01001700,"0,00","0,00","0,00","0,00","0,00","0,00","1,00","1,00"
spec_31,res_01007904,"0,00","0,00","1,00","0,00","1,00","0,00","0,00","1,00"
spec_31,res_01002601,"4,00","3,00","6,00","4,00","3,00","4,00","2,00","12,00"
spec_31,res_01000402,"10,00","10,00","9,00","10,00","8,00","7,00","7,00","23,00"
spec_31,res_01000403,"4,00","6,00","5,00","3,00","5,00","4,00","4,00","14,00"
spec_31,res_01002301,"3,00","3,00","2,00","3,00","2,00","4,00","3,00","8,00"
spec_31,res_01000502,"0,00","0,00","1,00","0,00","0,00","0,00","0,00","1,00"
spec_31,res_01000401,"7,00","6,00","7,00","6,00","10,00","5,00","7,00","20,00"
spec_31,res_01002302,"4,00","5,00","5,00","5,00","6,00","5,00","4,00","14,00"
spec_31,res_01003001,"1,00","1,00","0,00","1,00","1,00","1,00","1,00","1,00"
spec_31,res_01012601,"0,00","1,00","0,00","0,00","0,00","0,00","1,00","1,00"
spec_31,res_01090301,"1,00","3,00","2,00","1,00","2,00","2,00","2,00","5,00"
spec_78,res_01090702,"7,00","2,00","3,00","4,00","2,00","1,00","2,00","7,00"
spec_78,res_01090302,"2,00","3,00","4,00","3,00","4,00","1,00","0,00","10,00"
spec_58,res_01002601,"2,00","2,00","2,00","2,00","3,00","0,00","0,00","7,00"
spec_58,res_01090501,"5,00","7,00","5,00","8,00","6,00","4,00","5,00","26,00"
spec_58,res_01090400,"4,00","3,00","3,00","3,00","3,00","2,00","1,00","10,00"
spec_58,res_01090600,"6,00","5,00","6,00","6,00","7,00","4,00","3,00","28,00"
spec_58,res_01090701,"1,00","2,00","2,00","1,00","2,00","0,00","2,00","7,00"
spec_58,res_01000300,"2,00","1,00","2,00","1,00","1,00","0,00","1,00","6,00"
spec_58,res_01090800,"7,00","8,00","11,00","9,00","8,00","2,00","2,00","106,00"
spec_58,res_01012601,"3,00","4,00","2,00","2,00","2,00","1,00","2,00","9,00"
spec_58,res_01089200,"3,00","5,00","4,00","3,00","4,00","2,00","3,00","14,00"
spec_58,res_01090302,"7,00","7,00","8,00","9,00","6,00","1,00","1,00","20,00"
spec_58,res_01090101,"9,00","11,00","12,00","14,00","9,00","4,00","7,00","63,00"
spec_58,res_01008500,"2,00","2,00","4,00","3,00","2,00","1,00","1,00","10,00"
spec_02,res_01089700,"28,00","22,00","28,00","27,00","31,00","12,00","0,00","34,00"
spec_02,res_01065400,"6,00","5,00","8,00","7,00","11,00","0,00","0,00","11,00"
spec_02,res_01000801,"7,00","7,00","6,00","5,00","8,00","0,00","0,00","87,00"
spec_02,res_01090400,"87,00","79,00","57,00","52,00","69,00","1,00","3,00","970,00"
spec_02,res_01090600,"12,00","15,00","12,00","11,00","9,00","0,00","0,00","106,00"
spec_02,res_01001000,"2,00","3,00","2,00","3,00","3,00","0,00","0,00","8,00"
spec_02,res_01007905,"5,00","3,00","5,00","4,00","1,00","0,00","0,00","54,00"
spec_02,res_01002606,"6,00","7,00","4,00","5,00","4,00","0,00","0,00","65,00"
spec_02,res_01002605,"5,00","4,00","4,00","3,00","3,00","0,00","0,00","59,00"
spec_02,res_01000300,"5,00","3,00","4,00","5,00","3,00","0,00","0,00","12,00"
spec_02,res_01002604,"6,00","5,00","5,00","4,00","8,00","0,00","1,00","42,00"
spec_02,res_01090104,"8,00","1,00","7,00","6,00","4,00","0,00","0,00","8,00"
spec_02,res_01088200,"52,00","52,00","42,00","43,00","46,00","0,00","1,00","529,00"
spec_02,res_01012402,"2,00","6,00","2,00","1,00","1,00","0,00","0,00","6,00"
spec_02,res_01000901,"3,00","3,00","2,00","2,00","1,00","0,00","0,00","12,00"
spec_02,res_01000700,"22,00","22,00","19,00","22,00","18,00","2,00","1,00","56,00"
spec_02,res_01090501,"1,00","1,00","1,00","0,00","0,00","0,00","0,00","1,00"
spec_02,res_01090701,"40,00","27,00","24,00","12,00","25,00","1,00","1,00","236,00"
spec_02,res_01001100,"9,00","7,00","6,00","8,00","4,00","0,00","6,00","55,00"
spec_02,res_01001903,"17,00","14,00","16,00","8,00","11,00","1,00","1,00","319,00"
spec_02,res_01001901,"8,00","5,00","9,00","10,00","8,00","2,00","2,00","38,00"
spec_02,res_01000403,"19,00","15,00","14,00","4,00","9,00","0,00","1,00","115,00"
spec_02,res_01003003,"1,00","1,00","1,00","1,00","0,00","0,00","0,00","8,00"
spec_02,res_01003002,"2,00","3,00","2,00","1,00","2,00","0,00","0,00","21,00"
spec_02,res_01002302,"17,00","9,00","9,00","13,00","4,00","0,00","0,00","67,00"
spec_02,res_01012601,"8,00","10,00","11,00","15,00","6,00","0,00","0,00","58,00"
spec_02,res_01000601,"1,00","1,00","1,00","3,00","1,00","0,00","0,00","7,00"
spec_70,res_01090501,"4,00","2,00","2,00","2,00","1,00","1,00","1,00","11,00"
spec_70,res_01090600,"2,00","1,00","2,00","2,00","1,00","0,00","0,00","3,00"
spec_70,res_01090101,"3,00","3,00","3,00","2,00","2,00","0,00","0,00","12,00"
spec_28,res_01090904,"1,00","1,00","1,00","0,00","0,00","0,00","0,00","7,00"
spec_28,res_01090703,"3,00","3,00","2,00","2,00","2,00","0,00","0,00","37,00"
spec_28,res_01090501,"2,00","2,00","1,00","1,00","0,00","0,00","0,00","10,00"
spec_28,res_01090201,"8,00","5,00","5,00","8,00","6,00","1,00","1,00","76,00"
spec_07,res_01064300,"4,00","2,00","1,00","1,00","1,00","1,00","1,00","7,00"
spec_07,res_01090501,"4,00","2,00","3,00","3,00","2,00","1,00","1,00","12,00"
spec_07,res_01090600,"5,00","3,00","3,00","4,00","2,00","2,00","4,00","18,00"
spec_07,res_01090701,"3,00","2,00","3,00","2,00","2,00","2,00","1,00","11,00"
spec_07,res_01090800,"3,00","3,00","3,00","1,00","2,00","1,00","1,00","17,00"
spec_07,res_01062800,"4,00","5,00","2,00","5,00","2,00","1,00","4,00","22,00"
spec_07,res_01090101,"4,00","7,00","5,00","6,00","4,00","3,00","3,00","26,00"
spec_07,res_01061100,"8,00","3,00","6,00","8,00","4,00","1,00","4,00","17,00"
spec_62,res_01012001,"0,00","1,00","1,00","1,00","2,00","2,00","1,00","4,00"
spec_62,res_01000801,"1,00","1,00","1,00","1,00","1,00","1,00","0,00","4,00"
spec_62,res_01000901,"2,00","1,00","1,00","0,00","1,00","1,00","1,00","4,00"
spec_62,res_01090501,"1,00","1,00","2,00","2,00","2,00","1,00","1,00","4,00"
spec_62,res_01012401,"2,00","1,00","0,00","0,00","0,00","0,00","0,00","2,00"
spec_62,res_01090800,"1,00","2,00","1,00","1,00","2,00","1,00","1,00","3,00"
spec_62,res_01001700,"1,00","1,00","0,00","0,00","2,00","1,00","0,00","4,00"
spec_62,res_01007901,"1,00","1,00","0,00","1,00","1,00","0,00","0,00","2,00"
spec_62,res_01001901,"2,00","1,00","1,00","0,00","0,00","0,00","0,00","2,00"
spec_62,res_01000402,"1,00","1,00","1,00","1,00","3,00","1,00","2,00","5,00"
spec_62,res_01000502,"1,00","1,00","2,00","1,00","2,00","1,00","2,00","4,00"
spec_62,res_01000300,"1,00","1,00","1,00","1,00","1,00","1,00","0,00","1,00"
spec_62,res_01003001,"1,00","1,00","1,00","1,00","1,00","0,00","1,00","2,00"
spec_62,res_01012601,"2,00","2,00","1,00","1,00","2,00","1,00","1,00","4,00"
spec_62,res_01000601,"1,00","1,00","1,00","2,00","1,00","1,00","2,00","4,00"
spec_62,res_01090302,"2,00","2,00","2,00","3,00","2,00","2,00","2,00","11,00"
spec_62,res_01090301,"1,00","1,00","1,00","1,00","1,00","1,00","1,00","3,00"
spec_62,res_01090907,"0,00","0,00","0,00","0,00","1,00","0,00","0,00","1,00"
spec_50,res_01000801,"4,00","4,00","4,00","5,00","5,00","4,00","5,00","19,00"
spec_50,res_01090400,"4,00","2,00","3,00","3,00","3,00","3,00","3,00","12,00"
spec_50,res_01090600,"3,00","3,00","4,00","5,00","3,00","3,00","3,00","17,00"
spec_50,res_01000802,"0,00","1,00","0,00","1,00","0,00","0,00","0,00","1,00"
spec_50,res_01090800,"3,00","3,00","2,00","2,00","3,00","2,00","2,00","10,00"
spec_50,res_01007901,"4,00","4,00","6,00","4,00","4,00","6,00","4,00","17,00"
spec_50,res_01007905,"0,00","1,00","0,00","0,00","0,00","0,00","0,00","1,00"
spec_50,res_01007904,"0,00","1,00","0,00","0,00","1,00","1,00","0,00","1,00"
spec_50,res_01007902,"1,00","0,00","0,00","0,00","1,00","1,00","1,00","2,00"
spec_50,res_01002603,"3,00","3,00","2,00","3,00","3,00","2,00","2,00","9,00"
spec_50,res_01002602,"1,00","1,00","0,00","1,00","0,00","0,00","0,00","2,00"
spec_50,res_01002601,"3,00","3,00","4,00","2,00","3,00","2,00","3,00","11,00"
spec_50,res_01002606,"1,00","1,00","1,00","1,00","1,00","0,00","0,00","2,00"
spec_50,res_01002605,"3,00","3,00","3,00","4,00","3,00","4,00","2,00","13,00"
spec_50,res_01000502,"1,00","2,00","3,00","2,00","2,00","2,00","2,00","10,00"
spec_50,res_01000300,"4,00","4,00","3,00","4,00","5,00","5,00","4,00","17,00"
spec_50,res_01002604,"2,00","3,00","3,00","3,00","3,00","3,00","3,00","8,00"
spec_50,res_01000501,"3,00","2,00","3,00","3,00","2,00","2,00","3,00","9,00"
spec_50,res_01090101,"4,00","5,00","6,00","6,00","4,00","4,00","4,00","24,00"
spec_50,res_01008500,"5,00","3,00","4,00","3,00","3,00","3,00","3,00","12,00"
spec_50,res_01012001,"1,00","2,00","2,00","2,00","2,00","2,00","2,00","7,00"
spec_50,res_01012002,"0,00","1,00","1,00","0,00","1,00","0,00","0,00","1,00"
spec_50,res_01000902,"4,00","4,00","4,00","3,00","3,00","2,00","2,00","11,00"
spec_50,res_01012402,"0,00","0,00","0,00","0,00","1,00","0,00","0,00","1,00"
spec_50,res_01012401,"4,00","3,00","3,00","2,00","2,00","3,00","2,00","11,00"
spec_50,res_01000901,"4,00","4,00","3,00","3,00","3,00","2,00","3,00","13,00"
spec_50,res_01000700,"3,00","3,00","2,00","3,00","2,00","2,00","2,00","9,00"
spec_50,res_01090501,"4,00","5,00","4,00","4,00","4,00","4,00","4,00","20,00"
spec_50,res_01090701,"4,00","4,00","6,00","4,00","5,00","3,00","4,00","18,00"
spec_50,res_01001100,"4,00","5,00","4,00","3,00","3,00","4,00","4,00","18,00"
spec_50,res_01001700,"3,00","4,00","2,00","4,00","3,00","2,00","2,00","9,00"
spec_50,res_01001903,"1,00","0,00","0,00","0,00","0,00","0,00","0,00","1,00"
spec_50,res_01001901,"3,00","4,00","4,00","4,00","4,00","4,00","3,00","15,00"
spec_50,res_01000402,"4,00","3,00","3,00","5,00","4,00","3,00","3,00","12,00"
spec_50,res_01000403,"1,00","1,00","0,00","0,00","0,00","0,00","1,00","1,00"
spec_50,res_01002301,"3,00","3,00","3,00","4,00","4,00","2,00","3,00","11,00"
spec_50,res_01000401,"1,00","2,00","1,00","1,00","1,00","2,00","0,00","3,00"
spec_50,res_01003001,"5,00","2,00","3,00","3,00","3,00","5,00","3,00","12,00"
spec_50,res_01002302,"0,00","1,00","1,00","0,00","0,00","1,00","0,00","1,00"
spec_50,res_01012601,"3,00","2,00","2,00","2,00","2,00","3,00","2,00","11,00"
spec_50,res_01000601,"4,00","4,00","5,00","4,00","5,00","4,00","5,00","17,00"
spec_50,res_01012602,"0,00","1,00","0,00","1,00","1,00","0,00","1,00","2,00"
spec_25,res_01090201,"3,00","3,00","2,00","3,00","2,00","2,00","2,00","16,00"
spec_75,res_01092100,"1,00","1,00","1,00","1,00","1,00","0,00","0,00","13,00"
spec_75,res_01090703,"5,00","2,00","2,00","3,00","3,00","1,00","1,00","43,00"
spec_75,res_01002701,"2,00","2,00","1,00","1,00","1,00","0,00","0,00","11,00"
spec_75,res_01090501,"1,00","1,00","1,00","1,00","1,00","0,00","0,00","4,00"
spec_75,res_01090400,"1,00","1,00","2,00","1,00","2,00","1,00","0,00","9,00"
spec_75,res_01090800,"3,00","1,00","1,00","1,00","0,00","0,00","0,00","7,00"
spec_75,res_01064000,"1,00","1,00","1,00","1,00","1,00","0,00","0,00","17,00"
spec_75,res_01090201,"1,00","1,00","1,00","1,00","1,00","0,00","0,00","9,00"
spec_75,res_01089000,"28,00","10,00","5,00","2,00","1,00","0,00","0,00","75,00"
spec_40,res_01000801,"10,00","19,00","12,00","7,00","8,00","3,00","2,00","251,00"
spec_40,res_01090400,"3,00","3,00","4,00","4,00","4,00","3,00","2,00","14,00"
spec_40,res_01090600,"7,00","4,00","4,00","6,00","5,00","3,00","2,00","24,00"
spec_40,res_01090800,"3,00","4,00","3,00","3,00","3,00","2,00","2,00","14,00"
spec_40,res_01007901,"4,00","3,00","3,00","3,00","3,00","2,00","3,00","12,00"
spec_40,res_01061400,"1,00","2,00","2,00","1,00","1,00","0,00","0,00","14,00"
spec_40,res_01063100,"3,00","3,00","3,00","4,00","4,00","2,00","2,00","13,00"
spec_40,res_01007905,"0,00","0,00","1,00","0,00","0,00","0,00","0,00","1,00"
spec_40,res_01002601,"3,00","2,00","3,00","3,00","3,00","2,00","1,00","11,00"
spec_40,res_01002606,"0,00","0,00","1,00","0,00","0,00","0,00","0,00","1,00"
spec_40,res_01000502,"4,00","3,00","4,00","5,00","3,00","2,00","2,00","13,00"
spec_40,res_01002605,"0,00","0,00","0,00","0,00","1,00","0,00","0,00","1,00"
spec_40,res_01000300,"6,00","5,00","5,00","5,00","3,00","2,00","3,00","16,00"
spec_40,res_01002604,"3,00","2,00","5,00","3,00","3,00","2,00","3,00","12,00"
spec_40,res_01090101,"8,00","6,00","8,00","8,00","6,00","3,00","3,00","43,00"
spec_40,res_01062000,"4,00","3,00","4,00","3,00","4,00","1,00","0,00","64,00"
spec_40,res_01008500,"3,00","2,00","2,00","2,00","2,00","2,00","1,00","14,00"
spec_40,res_01012001,"4,00","5,00","5,00","5,00","3,00","2,00","2,00","48,00"
spec_40,res_01012401,"4,00","3,00","4,00","5,00","4,00","2,00","2,00","16,00"
spec_40,res_01000901,"3,00","3,00","2,00","3,00","3,00","2,00","1,00","13,00"
spec_40,res_01000700,"3,00","3,00","4,00","3,00","4,00","1,00","2,00","12,00"
spec_40,res_01090501,"4,00","4,00","5,00","5,00","6,00","2,00","4,00","33,00"
spec_40,res_01090701,"5,00","4,00","5,00","4,00","3,00","3,00","2,00","30,00"
spec_40,res_01001100,"3,00","3,00","4,00","3,00","3,00","2,00","2,00","17,00"
spec_40,res_01001700,"2,00","2,00","3,00","2,00","3,00","2,00","1,00","9,00"
spec_40,res_01001901,"3,00","3,00","3,00","3,00","3,00","3,00","2,00","17,00"
spec_40,res_01061700,"5,00","4,00","5,00","4,00","5,00","2,00","2,00","25,00"
spec_40,res_01061300,"8,00","7,00","9,00","8,00","8,00","3,00","2,00","130,00"
spec_40,res_01000402,"5,00","5,00","4,00","4,00","4,00","3,00","3,00","13,00"
spec_40,res_01000403,"0,00","0,00","1,00","0,00","0,00","0,00","0,00","1,00"
spec_40,res_01002301,"3,00","3,00","4,00","3,00","4,00","2,00","2,00","14,00"
spec_40,res_01003002,"1,00","0,00","0,00","0,00","1,00","0,00","0,00","1,00"
spec_40,res_01003001,"3,00","3,00","3,00","3,00","5,00","1,00","3,00","16,00"
spec_40,res_01002302,"0,00","0,00","0,00","0,00","1,00","0,00","0,00","1,00"
spec_40,res_01012601,"3,00","2,00","4,00","3,00","2,00","2,00","2,00","18,00"
spec_40,res_01000601,"3,00","6,00","6,00","5,00","4,00","3,00","2,00","59,00"
spec_40,res_01012602,"0,00","0,00","1,00","0,00","0,00","0,00","0,00","1,00"
spec_20,res_01001100,"13,00","11,00","7,00","6,00","9,00","0,00","0,00","77,00"
spec_08,res_01000801,"5,00","5,00","5,00","5,00","3,00","4,00","3,00","12,00"
spec_08,res_01090600,"10,00","9,00","8,00","8,00","8,00","3,00","4,00","24,00"
spec_08,res_01065600,"1,00","6,00","2,00","2,00","1,00","1,00","1,00","6,00"
spec_08,res_01007901,"8,00","9,00","7,00","6,00","6,00","3,00","5,00","18,00"
spec_08,res_01007905,"0,00","0,00","0,00","0,00","0,00","1,00","0,00","1,00"
spec_08,res_01007904,"0,00","0,00","0,00","1,00","0,00","0,00","0,00","1,00"
spec_08,res_01007902,"0,00","0,00","0,00","0,00","1,00","0,00","0,00","1,00"
spec_08,res_01064300,"11,00","13,00","13,00","12,00","8,00","2,00","5,00","33,00"
spec_08,res_01000502,"3,00","3,00","3,00","4,00","2,00","1,00","2,00","8,00"
spec_08,res_01000501,"4,00","4,00","4,00","3,00","3,00","2,00","2,00","9,00"
spec_08,res_01090302,"3,00","2,00","5,00","2,00","5,00","1,00","2,00","9,00"
spec_08,res_01062800,"5,00","7,00","7,00","5,00","8,00","1,00","3,00","20,00"
spec_08,res_01008500,"4,00","5,00","4,00","5,00","3,00","3,00","4,00","9,00"
spec_08,res_01065500,"6,00","8,00","7,00","8,00","5,00","1,00","6,00","17,00"
spec_08,res_01000700,"4,00","3,00","3,00","3,00","5,00","3,00","2,00","13,00"
spec_08,res_01090501,"11,00","11,00","11,00","13,00","11,00","4,00","6,00","39,00"
spec_08,res_01001700,"5,00","4,00","4,00","3,00","3,00","3,00","3,00","10,00"
spec_08,res_01002301,"5,00","4,00","5,00","3,00","4,00","4,00","2,00","14,00"
spec_08,res_01003002,"0,00","0,00","1,00","0,00","0,00","0,00","0,00","1,00"
spec_08,res_01003001,"3,00","5,00","2,00","2,00","3,00","3,00","2,00","30,00"
spec_08,res_01012601,"6,00","3,00","4,00","4,00","3,00","1,00","2,00","12,00"
spec_08,res_01000601,"4,00","4,00","5,00","4,00","3,00","2,00","2,00","9,00"
spec_08,res_01012602,"0,00","0,00","0,00","0,00","1,00","0,00","0,00","1,00"
spec_08,res_01090201,"4,00","4,00","4,00","4,00","4,00","3,00","5,00","13,00"
spec_08,res_01090203,"0,00","2,00","0,00","1,00","0,00","0,00","0,00","2,00"
spec_08,res_01090400,"5,00","6,00","4,00","5,00","3,00","3,00","4,00","13,00"
spec_08,res_01090800,"8,00","9,00","9,00","10,00","7,00","6,00","4,00","30,00"
spec_08,res_01002603,"2,00","2,00","3,00","3,00","2,00","1,00","1,00","7,00"
spec_08,res_01002602,"1,00","1,00","0,00","0,00","0,00","0,00","0,00","1,00"
spec_08,res_01002601,"4,00","4,00","5,00","5,00","5,00","3,00","2,00","12,00"
spec_08,res_01002606,"0,00","1,00","0,00","0,00","0,00","0,00","0,00","1,00"
spec_08,res_01002605,"1,00","1,00","2,00","1,00","2,00","1,00","1,00","4,00"
spec_08,res_01000300,"7,00","7,00","6,00","7,00","8,00","2,00","3,00","20,00"
spec_08,res_01002604,"3,00","3,00","3,00","2,00","2,00","2,00","2,00","7,00"
spec_08,res_01090101,"11,00","10,00","11,00","11,00","9,00","7,00","8,00","35,00"
spec_08,res_01012001,"5,00","3,00","2,00","4,00","2,00","1,00","4,00","8,00"
spec_08,res_01012002,"0,00","0,00","0,00","0,00","0,00","0,00","1,00","1,00"
spec_08,res_01000902,"3,00","4,00","3,00","3,00","4,00","3,00","4,00","11,00"
spec_08,res_01012402,"0,00","0,00","0,00","0,00","0,00","1,00","0,00","1,00"
spec_08,res_01012401,"3,00","4,00","3,00","2,00","3,00","1,00","3,00","8,00"
spec_08,res_01000901,"5,00","4,00","5,00","6,00","5,00","2,00","2,00","13,00"
spec_08,res_01090701,"14,00","11,00","11,00","11,00","10,00","3,00","3,00","31,00"
spec_08,res_01001100,"4,00","5,00","6,00","6,00","4,00","3,00","3,00","17,00"
spec_08,res_01001903,"0,00","0,00","0,00","0,00","0,00","0,00","1,00","1,00"
spec_08,res_01001901,"4,00","4,00","5,00","4,00","2,00","4,00","3,00","12,00"
spec_08,res_01061100,"11,00","12,00","11,00","9,00","5,00","3,00","10,00","28,00"
spec_08,res_01000402,"5,00","5,00","6,00","5,00","6,00","3,00","3,00","11,00"
spec_08,res_01061800,"1,00","0,00","1,00","1,00","1,00","0,00","2,00","4,00"
spec_08,res_01000403,"0,00","1,00","0,00","1,00","0,00","0,00","0,00","1,00"
spec_08,res_01000401,"0,00","0,00","0,00","0,00","1,00","0,00","0,00","1,00"
spec_06,res_01090302,"3,00","3,00","2,00","3,00","1,00","0,00","1,00","6,00"
spec_10,res_01000801,"4,00","3,00","3,00","3,00","2,00","2,00","3,00","10,00"
spec_10,res_01090501,"7,00","7,00","5,00","7,00","4,00","3,00","2,00","14,00"
spec_10,res_01090701,"5,00","17,00","7,00","26,00","5,00","1,00","1,00","26,00"
spec_10,res_01090101,"5,00","5,00","9,00","4,00","3,00","3,00","5,00","15,00"
spec_13,res_01090501,"4,00","6,00","3,00","1,00","2,00","2,00","4,00","12,00"
spec_13,res_01090400,"6,00","4,00","4,00","4,00","2,00","2,00","3,00","20,00"
spec_13,res_01090600,"4,00","5,00","5,00","2,00","1,00","2,00","3,00","15,00"
spec_13,res_01090701,"4,00","1,00","4,00","2,00","1,00","1,00","1,00","7,00"
spec_13,res_01090901,"1,00","0,00","0,00","0,00","0,00","0,00","0,00","1,00"
spec_13,res_01090101,"5,00","4,00","4,00","3,00","3,00","3,00","4,00","19,00"
spec_48,res_01090302,"0,00","1,00","1,00","0,00","1,00","0,00","1,00","1,00"
spec_48,res_01090101,"3,00","4,00","5,00","4,00","3,00","3,00","5,00","20,00"
spec_18,res_01012001,"7,00","8,00","8,00","3,00","8,00","0,00","0,00","125,00"
spec_18,res_01090501,"35,00","18,00","16,00","26,00","23,00","1,00","2,00","155,00"
spec_18,res_01090600,"4,00","4,00","3,00","3,00","3,00","3,00","1,00","27,00"
spec_18,res_01090701,"3,00","3,00","4,00","3,00","3,00","3,00","2,00","17,00"
spec_18,res_01002301,"8,00","8,00","8,00","7,00","5,00","0,00","0,00","149,00"
spec_18,res_01090800,"8,00","8,00","4,00","3,00","4,00","1,00","1,00","53,00"
spec_18,res_01000300,"1,00","1,00","1,00","1,00","0,00","0,00","0,00","6,00"
spec_18,res_01090302,"2,00","3,00","3,00","2,00","3,00","2,00","2,00","19,00"
spec_18,res_01090101,"38,00","16,00","14,00","14,00","24,00","3,00","4,00","239,00"
spec_39,res_01000801,"5,00","6,00","6,00","7,00","5,00","5,00","4,00","18,00"
spec_39,res_01090600,"6,00","5,00","8,00","4,00","7,00","5,00","6,00","21,00"
spec_39,res_01090800,"0,00","2,00","0,00","1,00","1,00","0,00","0,00","2,00"
spec_39,res_01007901,"5,00","4,00","5,00","3,00","4,00","4,00","3,00","15,00"
spec_39,res_01002603,"5,00","6,00","5,00","5,00","5,00","3,00","3,00","14,00"
spec_39,res_01092000,"3,00","2,00","2,00","3,00","2,00","0,00","0,00","9,00"
spec_39,res_01002601,"3,00","3,00","2,00","2,00","6,00","3,00","2,00","8,00"
spec_39,res_01002605,"2,00","2,00","2,00","3,00","1,00","2,00","2,00","4,00"
spec_39,res_01000502,"4,00","4,00","4,00","6,00","5,00","3,00","3,00","12,00"
spec_39,res_01000300,"3,00","3,00","5,00","4,00","4,00","4,00","4,00","12,00"
spec_39,res_01002604,"2,00","2,00","4,00","3,00","3,00","3,00","2,00","7,00"
spec_39,res_01090302,"18,00","15,00","18,00","13,00","15,00","8,00","11,00","52,00"
spec_39,res_01008500,"5,00","5,00","4,00","5,00","6,00","3,00","5,00","19,00"
spec_39,res_01012001,"6,00","5,00","5,00","4,00","4,00","5,00","5,00","16,00"
spec_39,res_01012002,"2,00","3,00","5,00","3,00","3,00","2,00","4,00","9,00"
spec_39,res_01000902,"2,00","1,00","2,00","2,00","3,00","2,00","2,00","4,00"
spec_39,res_01012401,"4,00","6,00","3,00","6,00","4,00","4,00","5,00","11,00"
spec_39,res_01090702,"11,00","13,00","14,00","10,00","12,00","9,00","7,00","92,00"
spec_39,res_01000901,"6,00","4,00","4,00","4,00","4,00","4,00","3,00","12,00"
spec_39,res_01000700,"5,00","4,00","6,00","12,00","5,00","4,00","4,00","18,00"
spec_39,res_01090501,"4,00","5,00","7,00","5,00","6,00","3,00","5,00","16,00"
spec_39,res_01001700,"5,00","3,00","4,00","8,00","5,00","4,00","3,00","19,00"
spec_39,res_01001901,"6,00","5,00","6,00","4,00","4,00","5,00","4,00","13,00"
spec_39,res_01000402,"5,00","6,00","4,00","6,00","5,00","5,00","4,00","12,00"
spec_39,res_01000403,"3,00","2,00","3,00","4,00","3,00","4,00","3,00","6,00"
spec_39,res_01002301,"5,00","4,00","4,00","3,00","5,00","4,00","5,00","13,00"
spec_39,res_01000401,"5,00","6,00","4,00","5,00","6,00","4,00","4,00","11,00"
spec_39,res_01003001,"3,00","5,00","3,00","4,00","5,00","2,00","4,00","27,00"
spec_39,res_01012601,"7,00","5,00","4,00","6,00","6,00","5,00","6,00","19,00"
spec_39,res_01000601,"4,00","3,00","3,00","6,00","2,00","2,00","3,00","9,00"
spec_46,res_01090302,"1,00","1,00","1,00","1,00","1,00","1,00","1,00","6,00"
spec_21,res_01000801,"2,00","3,00","3,00","3,00","4,00","3,00","2,00","17,00"
spec_21,res_01000700,"3,00","3,00","4,00","3,00","3,00","3,00","3,00","13,00"
spec_21,res_01090400,"4,00","4,00","3,00","5,00","4,00","4,00","3,00","25,00"
spec_21,res_01090600,"5,00","7,00","6,00","6,00","7,00","6,00","4,00","36,00"
spec_21,res_01090701,"4,00","5,00","5,00","5,00","5,00","5,00","4,00","26,00"
spec_21,res_01001100,"2,00","2,00","2,00","2,00","1,00","2,00","2,00","12,00"
spec_21,res_01003003,"1,00","0,00","0,00","0,00","0,00","0,00","0,00","1,00"
spec_21,res_01002301,"1,00","1,00","1,00","1,00","1,00","1,00","1,00","4,00"
spec_21,res_01003002,"2,00","2,00","2,00","1,00","2,00","1,00","0,00","8,00"
spec_21,res_01000300,"3,00","2,00","2,00","3,00","1,00","2,00","1,00","10,00"
spec_21,res_01002302,"4,00","4,00","5,00","6,00","5,00","4,00","4,00","25,00"
spec_21,res_01003001,"0,00","1,00","0,00","1,00","0,00","0,00","0,00","1,00"
spec_21,res_01012601,"1,00","0,00","1,00","0,00","0,00","1,00","0,00","1,00"
spec_21,res_01012602,"4,00","3,00","3,00","3,00","4,00","3,00","4,00","14,00"
spec_21,res_01090101,"8,00","9,00","8,00","8,00","7,00","5,00","4,00","51,00"
spec_73,res_01000402,"1,00","1,00","1,00","2,00","1,00","0,00","2,00","6,00"
spec_73,res_01090501,"1,00","1,00","1,00","1,00","1,00","1,00","2,00","4,00"
spec_73,res_01090702,"1,00","1,00","1,00","2,00","1,00","1,00","1,00","3,00"
spec_73,res_01090600,"3,00","2,00","3,00","3,00","3,00","3,00","2,00","10,00"
spec_73,res_01000300,"1,00","1,00","1,00","2,00","1,00","1,00","1,00","5,00"
spec_73,res_01090800,"1,00","0,00","1,00","1,00","2,00","0,00","0,00","2,00"
spec_73,res_01090302,"1,00","0,00","0,00","0,00","0,00","0,00","0,00","1,00"
spec_73,res_01000601,"1,00","0,00","0,00","0,00","0,00","1,00","0,00","2,00"
spec_73,res_01090301,"0,00","1,00","0,00","1,00","1,00","0,00","0,00","1,00"
spec_73,res_01008500,"1,00","2,00","2,00","2,00","1,00","1,00","1,00","4,00"
spec_47,res_01090201,"1,00","2,00","1,00","1,00","2,00","2,00","1,00","6,00"
spec_37,res_01089700,"5,00","6,00","2,00","2,00","1,00","0,00","1,00","12,00"
spec_37,res_01000801,"22,00","19,00","18,00","19,00","18,00","13,00","12,00","59,00"
spec_37,res_01090400,"1,00","1,00","0,00","0,00","0,00","0,00","0,00","2,00"
spec_37,res_01090600,"23,00","19,00","21,00","19,00","21,00","11,00","13,00","58,00"
spec_37,res_01000802,"0,00","0,00","0,00","0,00","0,00","1,00","0,00","1,00"
spec_37,res_01090800,"20,00","13,00","17,00","20,00","15,00","8,00","9,00","41,00"
spec_37,res_01001200,"18,00","19,00","12,00","14,00","11,00","1,00","3,00","22,00"
spec_37,res_01007901,"10,00","8,00","11,00","10,00","8,00","8,00","11,00","24,00"
spec_37,res_01061200,"2,00","4,00","1,00","4,00","5,00","0,00","0,00","6,00"
spec_37,res_01007904,"7,00","7,00","6,00","5,00","5,00","4,00","6,00","16,00"
spec_37,res_01061000,"5,00","3,00","2,00","3,00","4,00","2,00","2,00","5,00"
spec_37,res_01007902,"1,00","0,00","0,00","0,00","0,00","0,00","0,00","1,00"
spec_37,res_01002603,"11,00","7,00","8,00","8,00","7,00","4,00","4,00","27,00"
spec_37,res_01002601,"12,00","8,00","16,00","9,00","7,00","4,00","7,00","28,00"
spec_37,res_01002605,"6,00","5,00","7,00","8,00","6,00","5,00","4,00","17,00"
spec_37,res_01000502,"13,00","7,00","12,00","8,00","5,00","5,00","5,00","24,00"
spec_37,res_01000300,"16,00","19,00","16,00","15,00","15,00","9,00","13,00","44,00"
spec_37,res_01002604,"6,00","8,00","6,00","6,00","5,00","5,00","8,00","18,00"
spec_37,res_01000501,"4,00","10,00","3,00","4,00","4,00","3,00","3,00","13,00"
spec_37,res_01062600,"10,00","8,00","7,00","3,00","10,00","0,00","1,00","12,00"
spec_37,res_01090301,"82,00","76,00","68,00","71,00","70,00","30,00","34,00","219,00"
spec_37,res_01008500,"13,00","12,00","17,00","19,00","18,00","8,00","11,00","30,00"
spec_37,res_01088200,"7,00","4,00","6,00","2,00","1,00","1,00","3,00","12,00"
spec_37,res_01012001,"10,00","10,00","12,00","11,00","8,00","6,00","7,00","28,00"
spec_37,res_01012002,"6,00","9,00","7,00","11,00","5,00","3,00","4,00","16,00"
spec_37,res_01012402,"2,00","2,00","8,00","2,00","10,00","1,00","1,00","10,00"
spec_37,res_01000902,"6,00","4,00","9,00","4,00","6,00","4,00","5,00","14,00"
spec_37,res_01012401,"11,00","11,00","9,00","6,00","9,00","9,00","7,00","20,00"
spec_37,res_01000901,"9,00","10,00","12,00","12,00","13,00","5,00","6,00","22,00"
spec_37,res_01000700,"12,00","9,00","13,00","8,00","11,00","6,00","7,00","27,00"
spec_37,res_01090501,"22,00","27,00","22,00","23,00","19,00","13,00","13,00","54,00"
spec_37,res_01090702,"0,00","0,00","0,00","1,00","0,00","0,00","0,00","1,00"
spec_37,res_01090701,"16,00","19,00","18,00","20,00","13,00","8,00","11,00","42,00"
spec_37,res_01001700,"10,00","11,00","12,00","9,00","10,00","7,00","7,00","28,00"
spec_37,res_01001901,"11,00","7,00","10,00","11,00","8,00","9,00","8,00","24,00"
spec_37,res_01061800,"4,00","8,00","10,00","7,00","3,00","0,00","1,00","14,00"
spec_37,res_01000402,"12,00","14,00","14,00","14,00","12,00","8,00","9,00","35,00"
spec_37,res_01000403,"6,00","10,00","9,00","6,00","8,00","4,00","6,00","19,00"
spec_37,res_01002301,"6,00","11,00","4,00","7,00","5,00","3,00","5,00","16,00"
spec_37,res_01000602,"1,00","0,00","0,00","0,00","0,00","0,00","0,00","1,00"
spec_37,res_01000401,"10,00","7,00","12,00","8,00","11,00","4,00","6,00","24,00"
spec_37,res_01002302,"4,00","11,00","13,00","10,00","12,00","7,00","6,00","24,00"
spec_37,res_01003001,"9,00","11,00","11,00","11,00","10,00","8,00","8,00","26,00"
spec_37,res_01012601,"14,00","13,00","11,00","13,00","11,00","8,00","12,00","36,00"
spec_37,res_01000601,"14,00","10,00","12,00","10,00","12,00","12,00","8,00","27,00"
spec_37,res_01012602,"1,00","0,00","0,00","0,00","0,00","0,00","0,00","1,00"
spec_37,res_01064200,"3,00","2,00","6,00","7,00","6,00","0,00","2,00","10,00"
spec_60,res_01063300,"5,00","4,00","4,00","5,00","5,00","4,00","1,00","75,00"
spec_60,res_01089700,"3,00","3,00","3,00","3,00","2,00","1,00","0,00","19,00"
spec_60,res_01062900,"13,00","8,00","8,00","6,00","9,00","2,00","0,00","129,00"
spec_60,res_01000801,"3,00","4,00","4,00","7,00","4,00","2,00","3,00","48,00"
spec_60,res_01090400,"2,00","2,00","2,00","2,00","2,00","1,00","1,00","12,00"
spec_60,res_01090600,"2,00","2,00","2,00","2,00","2,00","2,00","1,00","12,00"
spec_60,res_01065600,"1,00","0,00","1,00","0,00","0,00","0,00","0,00","1,00"
spec_60,res_01090800,"5,00","3,00","4,00","4,00","3,00","2,00","2,00","24,00"
spec_60,res_01061400,"3,00","3,00","4,00","2,00","5,00","3,00","2,00","28,00"
spec_60,res_01063100,"2,00","3,00","2,00","1,00","2,00","3,00","0,00","31,00"
spec_60,res_01007905,"2,00","3,00","5,00","2,00","3,00","1,00","1,00","21,00"
spec_60,res_01007902,"2,00","3,00","3,00","2,00","2,00","2,00","1,00","7,00"
spec_60,res_01089100,"2,00","2,00","1,00","5,00","2,00","1,00","1,00","37,00"
spec_60,res_01062200,"4,00","5,00","5,00","6,00","4,00","4,00","0,00","86,00"
spec_60,res_01002602,"2,00","2,00","3,00","2,00","2,00","0,00","0,00","14,00"
spec_60,res_01002601,"2,00","2,00","2,00","2,00","1,00","1,00","0,00","11,00"
spec_60,res_01002606,"2,00","2,00","3,00","2,00","2,00","0,00","1,00","12,00"
spec_60,res_01002604,"2,00","3,00","1,00","1,00","2,00","0,00","0,00","5,00"
spec_60,res_01062000,"2,00","3,00","2,00","2,00","1,00","1,00","0,00","29,00"
spec_60,res_01008500,"3,00","2,00","3,00","2,00","3,00","2,00","2,00","23,00"
spec_60,res_01012001,"3,00","2,00","3,00","2,00","2,00","1,00","0,00","20,00"
spec_60,res_01012002,"3,00","3,00","3,00","3,00","4,00","1,00","1,00","19,00"
spec_60,res_01063200,"4,00","3,00","3,00","3,00","4,00","1,00","0,00","26,00"
spec_60,res_01063400,"6,00","5,00","6,00","5,00","5,00","6,00","9,00","74,00"
spec_60,res_01000901,"2,00","2,00","2,00","2,00","3,00","1,00","0,00","24,00"
spec_60,res_01090701,"2,00","3,00","2,00","3,00","2,00","2,00","1,00","17,00"
spec_60,res_01061500,"4,00","2,00","3,00","3,00","1,00","2,00","1,00","25,00"
spec_60,res_01001903,"2,00","2,00","2,00","2,00","1,00","1,00","1,00","25,00"
spec_60,res_01061700,"3,00","5,00","4,00","3,00","1,00","4,00","8,00","49,00"
spec_60,res_01063000,"4,00","3,00","4,00","3,00","4,00","0,00","0,00","45,00"
spec_60,res_01062100,"2,00","2,00","2,00","2,00","2,00","0,00","0,00","20,00"
spec_60,res_01064600,"5,00","6,00","6,00","5,00","6,00","2,00","1,00","102,00"
spec_60,res_01064400,"5,00","6,00","5,00","5,00","6,00","2,00","0,00","128,00"
spec_60,res_01002701,"1,00","2,00","2,00","2,00","3,00","0,00","0,00","10,00"
spec_60,res_01061800,"1,00","1,00","2,00","1,00","2,00","2,00","0,00","10,00"
spec_60,res_01064800,"4,00","5,00","4,00","4,00","4,00","1,00","0,00","35,00"
spec_60,res_01002303,"3,00","3,00","3,00","2,00","3,00","4,00","2,00","51,00"
spec_60,res_01002702,"2,00","3,00","3,00","2,00","3,00","1,00","0,00","31,00"
spec_60,res_01000403,"3,00","2,00","3,00","11,00","2,00","1,00","0,00","25,00"
spec_60,res_01002304,"4,00","4,00","5,00","4,00","5,00","0,00","0,00","74,00"
spec_60,res_01003003,"3,00","3,00","3,00","2,00","3,00","1,00","0,00","29,00"
spec_60,res_01003002,"2,00","3,00","3,00","3,00","3,00","0,00","0,00","21,00"
spec_60,res_01062700,"3,00","3,00","2,00","2,00","2,00","3,00","1,00","16,00"
spec_60,res_01064000,"2,00","2,00","2,00","2,00","3,00","0,00","0,00","18,00"
spec_60,res_01012602,"1,00","2,00","2,00","2,00","2,00","2,00","1,00","11,00"
spec_60,res_01064200,"3,00","2,00","3,00","2,00","3,00","0,00","0,00","18,00"
spec_09,res_01089700,"3,00","4,00","3,00","3,00","4,00","1,00","5,00","13,00"
spec_09,res_01000801,"6,00","6,00","9,00","6,00","5,00","4,00","7,00","35,00"
spec_09,res_01090600,"11,00","17,00","18,00","9,00","16,00","6,00","6,00","39,00"
spec_09,res_01065600,"4,00","2,00","2,00","6,00","3,00","1,00","1,00","7,00"
spec_09,res_01000802,"1,00","1,00","1,00","0,00","1,00","0,00","0,00","1,00"
spec_09,res_01007901,"9,00","9,00","7,00","9,00","6,00","8,00","10,00","42,00"
spec_09,res_01007905,"1,00","1,00","1,00","1,00","1,00","1,00","1,00","8,00"
spec_09,res_01007904,"5,00","8,00","6,00","6,00","6,00","3,00","4,00","16,00"
spec_09,res_01061000,"12,00","12,00","15,00","13,00","12,00","10,00","3,00","26,00"
spec_09,res_01064300,"8,00","3,00","2,00","4,00","9,00","1,00","3,00","10,00"
spec_09,res_01000503,"6,00","10,00","5,00","15,00","11,00","8,00","0,00","15,00"
spec_09,res_01000502,"13,00","6,00","8,00","6,00","5,00","3,00","4,00","23,00"
spec_09,res_01000501,"4,00","5,00","5,00","7,00","6,00","4,00","5,00","22,00"
spec_09,res_01062800,"6,00","5,00","4,00","4,00","14,00","1,00","3,00","14,00"
spec_09,res_01008500,"10,00","9,00","9,00","13,00","12,00","4,00","6,00","27,00"
spec_09,res_01065500,"1,00","3,00","3,00","5,00","2,00","0,00","0,00","5,00"
spec_09,res_01000700,"5,00","6,00","7,00","4,00","5,00","3,00","4,00","21,00"
spec_09,res_01090501,"14,00","10,00","8,00","11,00","11,00","5,00","4,00","35,00"
spec_09,res_01001700,"9,00","7,00","6,00","7,00","9,00","3,00","4,00","22,00"
spec_09,res_01002301,"12,00","9,00","9,00","10,00","8,00","5,00","3,00","29,00"
spec_09,res_01003002,"0,00","0,00","1,00","0,00","0,00","0,00","0,00","1,00"
spec_09,res_01000602,"7,00","3,00","9,00","2,00","12,00","1,00","3,00","18,00"
spec_09,res_01002302,"8,00","3,00","10,00","8,00","9,00","3,00","3,00","20,00"
spec_09,res_01003001,"9,00","9,00","10,00","9,00","5,00","5,00","5,00","32,00"
spec_09,res_01012601,"5,00","8,00","7,00","7,00","5,00","3,00","2,00","17,00"
spec_09,res_01000601,"12,00","11,00","13,00","9,00","6,00","3,00","6,00","39,00"
spec_09,res_01064000,"3,00","8,00","7,00","7,00","4,00","0,00","0,00","10,00"
spec_09,res_01012602,"7,00","12,00","9,00","7,00","10,00","4,00","3,00","32,00"
spec_09,res_01090201,"3,00","5,00","5,00","5,00","2,00","2,00","3,00","18,00"
spec_09,res_01090400,"5,00","7,00","7,00","5,00","4,00","3,00","4,00","22,00"
spec_09,res_01090800,"15,00","13,00","9,00","10,00","5,00","3,00","5,00","44,00"
spec_09,res_01001200,"7,00","6,00","8,00","6,00","3,00","0,00","0,00","11,00"
spec_09,res_01061200,"9,00","5,00","5,00","9,00","7,00","1,00","3,00","12,00"
spec_09,res_01002603,"11,00","9,00","11,00","11,00","10,00","4,00","7,00","47,00"
spec_09,res_01002601,"9,00","8,00","8,00","7,00","8,00","4,00","4,00","22,00"
spec_09,res_01002606,"3,00","3,00","2,00","3,00","2,00","3,00","4,00","10,00"
spec_09,res_01002605,"5,00","6,00","4,00","4,00","5,00","3,00","5,00","24,00"
spec_09,res_01064900,"9,00","12,00","9,00","10,00","15,00","0,00","0,00","16,00"
spec_09,res_01000300,"11,00","12,00","15,00","13,00","9,00","6,00","6,00","34,00"
spec_09,res_01002604,"6,00","5,00","5,00","6,00","5,00","5,00","7,00","23,00"
spec_09,res_01090101,"45,00","43,00","45,00","36,00","29,00","10,00","18,00","151,00"
spec_09,res_01090502,"13,00","17,00","14,00","14,00","12,00","1,00","0,00","23,00"
spec_09,res_01062600,"12,00","26,00","11,00","7,00","18,00","1,00","2,00","32,00"
spec_09,res_01064100,"9,00","7,00","6,00","12,00","15,00","2,00","4,00","17,00"
spec_09,res_01088200,"6,00","5,00","6,00","5,00","2,00","1,00","3,00","21,00"
spec_09,res_01012001,"13,00","9,00","9,00","8,00","7,00","4,00","4,00","26,00"
spec_09,res_01012002,"9,00","10,00","9,00","12,00","6,00","2,00","5,00","29,00"
spec_09,res_01063200,"8,00","4,00","2,00","6,00","4,00","0,00","3,00","12,00"
spec_09,res_01012402,"10,00","7,00","10,00","11,00","9,00","3,00","4,00","28,00"
spec_09,res_01000902,"3,00","4,00","4,00","4,00","5,00","2,00","3,00","14,00"
spec_09,res_01012401,"13,00","14,00","11,00","11,00","11,00","4,00","6,00","33,00"
spec_09,res_01000901,"5,00","7,00","4,00","4,00","5,00","4,00","2,00","21,00"
spec_09,res_01090701,"13,00","10,00","11,00","10,00","9,00","6,00","4,00","34,00"
spec_09,res_01001100,"7,00","10,00","7,00","6,00","6,00","5,00","6,00","35,00"
spec_09,res_01089200,"10,00","9,00","8,00","8,00","7,00","2,00","3,00","21,00"
spec_09,res_01001901,"6,00","4,00","5,00","4,00","4,00","3,00","3,00","20,00"
spec_09,res_01061100,"14,00","9,00","12,00","7,00","16,00","2,00","2,00","23,00"
spec_09,res_01061800,"20,00","20,00","21,00","16,00","21,00","1,00","3,00","44,00"
spec_09,res_01000402,"7,00","6,00","6,00","6,00","3,00","5,00","4,00","28,00"
spec_09,res_01000403,"6,00","3,00","5,00","5,00","3,00","4,00","5,00","17,00"
spec_09,res_01000401,"3,00","3,00","4,00","4,00","5,00","4,00","2,00","19,00"
spec_09,res_01064200,"11,00","6,00","12,00","3,00","12,00","1,00","5,00","14,00"
spec_24,res_01002601,"3,00","3,00","4,00","3,00","3,00","2,00","2,00","33,00"
spec_24,res_01000801,"4,00","5,00","3,00","4,00","4,00","4,00","4,00","25,00"
spec_24,res_01000901,"4,00","3,00","3,00","4,00","3,00","3,00","2,00","11,00"
spec_24,res_01090501,"4,00","5,00","4,00","5,00","3,00","2,00","2,00","18,00"
spec_24,res_01090600,"4,00","3,00","5,00","4,00","4,00","3,00","2,00","29,00"
spec_24,res_01001300,"24,00","11,00","10,00","8,00","10,00","3,00","3,00","119,00"
spec_24,res_01090701,"3,00","4,00","4,00","3,00","3,00","3,00","2,00","16,00"
spec_24,res_01000502,"2,00","2,00","4,00","2,00","3,00","2,00","2,00","12,00"
spec_24,res_01000501,"0,00","0,00","0,00","0,00","1,00","0,00","1,00","1,00"
spec_24,res_01090302,"5,00","5,00","5,00","6,00","5,00","3,00","2,00","36,00"
spec_24,res_01008500,"3,00","2,00","4,00","2,00","3,00","3,00","2,00","13,00"
spec_67,res_01000801,"2,00","1,00","1,00","1,00","2,00","1,00","1,00","2,00"
spec_67,res_01090400,"1,00","1,00","1,00","1,00","2,00","1,00","0,00","3,00"
spec_67,res_01090600,"7,00","5,00","5,00","2,00","4,00","2,00","2,00","9,00"
spec_67,res_01001200,"1,00","0,00","0,00","0,00","0,00","0,00","0,00","1,00"
spec_67,res_01002605,"1,00","0,00","0,00","0,00","1,00","0,00","0,00","1,00"
spec_67,res_01000300,"1,00","2,00","2,00","1,00","1,00","1,00","0,00","3,00"
spec_67,res_01000501,"1,00","0,00","1,00","1,00","1,00","0,00","1,00","2,00"
spec_67,res_01002604,"0,00","0,00","0,00","1,00","0,00","0,00","0,00","1,00"
spec_67,res_01090302,"2,00","1,00","1,00","1,00","0,00","0,00","0,00","3,00"
spec_67,res_01090101,"9,00","10,00","8,00","8,00","8,00","3,00","3,00","18,00"
spec_67,res_01090301,"4,00","3,00","3,00","3,00","2,00","2,00","4,00","9,00"
spec_67,res_01008500,"5,00","4,00","4,00","4,00","4,00","3,00","3,00","10,00"
spec_67,res_01012001,"1,00","1,00","1,00","1,00","0,00","1,00","0,00","1,00"
spec_67,res_01012002,"0,00","0,00","0,00","0,00","0,00","1,00","0,00","1,00"
spec_67,res_01000901,"1,00","1,00","1,00","1,00","1,00","0,00","1,00","1,00"
spec_67,res_01090501,"4,00","6,00","5,00","6,00","3,00","2,00","2,00","15,00"
spec_67,res_01000700,"1,00","2,00","0,00","1,00","2,00","1,00","1,00","2,00"
spec_67,res_01090702,"0,00","0,00","2,00","1,00","1,00","0,00","0,00","2,00"
spec_67,res_01012401,"1,00","0,00","1,00","1,00","0,00","0,00","0,00","1,00"
spec_67,res_01090701,"2,00","2,00","2,00","1,00","1,00","2,00","1,00","4,00"
spec_67,res_01001100,"1,00","1,00","2,00","1,00","1,00","1,00","0,00","3,00"
spec_67,res_01089200,"5,00","4,00","3,00","3,00","3,00","1,00","1,00","7,00"
spec_67,res_01000602,"1,00","1,00","2,00","1,00","1,00","0,00","0,00","2,00"
spec_67,res_01000601,"2,00","1,00","1,00","1,00","2,00","0,00","2,00","2,00"
spec_67,res_01012601,"2,00","1,00","2,00","0,00","1,00","1,00","0,00","2,00"
spec_67,res_01090201,"4,00","3,00","4,00","3,00","2,00","1,00","0,00","6,00"
spec_67,res_01090203,"1,00","2,00","1,00","1,00","1,00","0,00","0,00","2,00"
spec_56,res_01063300,"2,00","3,00","1,00","3,00","2,00","2,00","0,00","18,00"
spec_56,res_01089700,"2,00","2,00","2,00","2,00","2,00","0,00","0,00","23,00"
spec_56,res_01000801,"2,00","2,00","2,00","2,00","1,00","1,00","2,00","19,00"
spec_56,res_01065600,"4,00","3,00","3,00","3,00","3,00","0,00","0,00","22,00"
spec_56,res_01000802,"2,00","1,00","2,00","1,00","2,00","1,00","0,00","15,00"
spec_56,res_01089300,"17,00","10,00","10,00","11,00","10,00","0,00","0,00","209,00"
spec_56,res_01061400,"6,00","5,00","7,00","5,00","5,00","1,00","1,00","76,00"
spec_56,res_01000503,"7,00","9,00","5,00","5,00","7,00","4,00","5,00","32,00"
spec_56,res_01064700,"8,00","5,00","7,00","6,00","6,00","7,00","0,00","62,00"
spec_56,res_01000501,"1,00","2,00","1,00","1,00","1,00","1,00","0,00","4,00"
spec_56,res_01062000,"4,00","4,00","3,00","3,00","3,00","1,00","0,00","50,00"
spec_56,res_01008500,"5,00","3,00","3,00","3,00","3,00","1,00","1,00","24,00"
spec_56,res_01089800,"5,00","6,00","6,00","6,00","6,00","0,00","0,00","75,00"
spec_56,res_01090501,"8,00","5,00","5,00","5,00","3,00","0,00","0,00","49,00"
spec_56,res_01065100,"5,00","6,00","5,00","5,00","5,00","5,00","0,00","55,00"
spec_56,res_01061700,"10,00","9,00","9,00","10,00","8,00","1,00","0,00","103,00"
spec_56,res_01089000,"2,00","1,00","1,00","2,00","1,00","0,00","0,00","17,00"
spec_56,res_01062300,"8,00","8,00","8,00","9,00","8,00","0,00","0,00","154,00"
spec_56,res_01064400,"5,00","6,00","5,00","4,00","3,00","1,00","0,00","82,00"
spec_56,res_01002701,"5,00","5,00","5,00","5,00","5,00","2,00","1,00","41,00"
spec_56,res_01064800,"6,00","5,00","7,00","5,00","6,00","1,00","0,00","59,00"
spec_56,res_01002303,"2,00","2,00","2,00","2,00","2,00","0,00","0,00","14,00"
spec_56,res_01002702,"2,00","2,00","2,00","2,00","2,00","0,00","0,00","20,00"
spec_56,res_01002304,"4,00","3,00","4,00","3,00","3,00","0,00","0,00","60,00"
spec_56,res_01003003,"2,00","2,00","2,00","2,00","2,00","0,00","0,00","17,00"
spec_56,res_01003002,"2,00","2,00","2,00","2,00","2,00","0,00","0,00","16,00"
spec_56,res_01000602,"2,00","2,00","3,00","3,00","2,00","0,00","0,00","22,00"
spec_56,res_01062700,"4,00","4,00","2,00","4,00","4,00","2,00","0,00","32,00"
spec_56,res_01064000,"8,00","6,00","9,00","7,00","6,00","4,00","0,00","58,00"
spec_56,res_01090201,"1,00","1,00","1,00","1,00","2,00","0,00","0,00","11,00"
spec_56,res_01090203,"2,00","3,00","2,00","6,00","2,00","1,00","1,00","26,00"
spec_56,res_01063500,"14,00","9,00","9,00","9,00","3,00","5,00","1,00","89,00"
spec_56,res_01062900,"11,00","8,00","8,00","9,00","10,00","1,00","1,00","134,00"
spec_56,res_01090400,"3,00","2,00","3,00","3,00","3,00","0,00","0,00","10,00"
spec_56,res_01090800,"14,00","5,00","3,00","2,00","1,00","1,00","1,00","36,00"
spec_56,res_01001200,"8,00","3,00","2,00","1,00","1,00","0,00","0,00","10,00"
spec_56,res_01063900,"5,00","6,00","4,00","5,00","3,00","1,00","1,00","60,00"
spec_56,res_01061600,"3,00","5,00","3,00","4,00","4,00","4,00","4,00","26,00"
spec_56,res_01061200,"6,00","5,00","5,00","4,00","5,00","1,00","1,00","35,00"
spec_56,res_01063100,"5,00","7,00","5,00","7,00","5,00","2,00","0,00","58,00"
spec_56,res_01089100,"18,00","19,00","11,00","10,00","10,00","1,00","0,00","204,00"
spec_56,res_01062200,"4,00","5,00","4,00","5,00","4,00","1,00","0,00","54,00"
spec_56,res_01092000,"19,00","20,00","19,00","19,00","23,00","3,00","3,00","292,00"
spec_56,res_01002602,"2,00","2,00","3,00","2,00","1,00","0,00","0,00","21,00"
spec_56,res_01002601,"3,00","3,00","2,00","2,00","2,00","1,00","0,00","47,00"
spec_56,res_01002606,"3,00","2,00","3,00","2,00","2,00","0,00","0,00","19,00"
spec_56,res_01064900,"4,00","4,00","4,00","4,00","4,00","1,00","0,00","29,00"
spec_56,res_01000300,"3,00","1,00","2,00","2,00","2,00","0,00","0,00","12,00"
spec_56,res_01090502,"2,00","2,00","2,00","2,00","2,00","0,00","0,00","14,00"
spec_56,res_01062600,"7,00","4,00","4,00","6,00","9,00","0,00","0,00","44,00"
spec_56,res_01064100,"6,00","4,00","4,00","5,00","5,00","6,00","0,00","36,00"
spec_56,res_01012001,"2,00","3,00","9,00","4,00","15,00","0,00","0,00","79,00"
spec_56,res_01012002,"3,00","2,00","2,00","2,00","1,00","0,00","0,00","18,00"
spec_56,res_01063200,"3,00","2,00","3,00","2,00","2,00","1,00","0,00","31,00"
spec_56,res_01012402,"9,00","7,00","5,00","3,00","4,00","0,00","0,00","36,00"
spec_56,res_01090703,"5,00","5,00","8,00","5,00","5,00","1,00","0,00","68,00"
spec_56,res_01000901,"1,00","1,00","1,00","2,00","2,00","1,00","1,00","10,00"
spec_56,res_01065700,"12,00","10,00","8,00","7,00","7,00","1,00","1,00","88,00"
spec_56,res_01061500,"5,00","1,00","4,00","4,00","1,00","1,00","0,00","36,00"
spec_56,res_01001903,"4,00","4,00","4,00","4,00","3,00","1,00","1,00","28,00"
spec_56,res_01089200,"1,00","2,00","2,00","1,00","3,00","1,00","0,00","15,00"
spec_56,res_01061100,"4,00","4,00","4,00","2,00","3,00","2,00","2,00","29,00"
spec_56,res_01062100,"11,00","12,00","11,00","9,00","12,00","1,00","1,00","129,00"
spec_56,res_01092100,"22,00","24,00","25,00","28,00","25,00","0,00","0,00","304,00"
spec_56,res_01064600,"4,00","4,00","3,00","3,00","4,00","0,00","0,00","50,00"
spec_56,res_01000403,"2,00","2,00","4,00","2,00","3,00","0,00","1,00","23,00"
spec_56,res_01000401,"2,00","1,00","1,00","1,00","1,00","0,00","0,00","13,00"
spec_38,res_01089700,"0,00","0,00","1,00","2,00","1,00","0,00","0,00","3,00"
spec_38,res_01000801,"3,00","5,00","4,00","4,00","3,00","3,00","5,00","20,00"
spec_38,res_01090400,"5,00","4,00","4,00","4,00","5,00","3,00","6,00","13,00"
spec_38,res_01090600,"9,00","10,00","9,00","10,00","8,00","2,00","7,00","23,00"
spec_38,res_01090800,"7,00","9,00","6,00","6,00","5,00","2,00","2,00","15,00"
spec_38,res_01007901,"7,00","9,00","3,00","5,00","8,00","2,00","2,00","18,00"
spec_38,res_01061200,"7,00","1,00","5,00","1,00","5,00","0,00","1,00","7,00"
spec_38,res_01061000,"6,00","2,00","6,00","5,00","4,00","3,00","1,00","8,00"
spec_38,res_01002603,"9,00","5,00","6,00","5,00","4,00","2,00","3,00","13,00"
spec_38,res_01002601,"3,00","6,00","7,00","4,00","1,00","1,00","1,00","10,00"
spec_38,res_01002605,"1,00","1,00","4,00","1,00","2,00","1,00","3,00","5,00"
spec_38,res_01000502,"0,00","1,00","0,00","1,00","0,00","0,00","0,00","1,00"
spec_38,res_01000300,"10,00","10,00","8,00","10,00","7,00","2,00","3,00","17,00"
spec_38,res_01000501,"7,00","1,00","7,00","6,00","4,00","2,00","2,00","9,00"
spec_38,res_01002604,"0,00","0,00","0,00","0,00","0,00","1,00","0,00","1,00"
spec_38,res_01090302,"4,00","4,00","3,00","3,00","5,00","1,00","1,00","6,00"
spec_38,res_01090101,"20,00","16,00","17,00","17,00","14,00","3,00","4,00","36,00"
spec_38,res_01090102,"0,00","1,00","0,00","0,00","0,00","0,00","0,00","1,00"
spec_38,res_01008500,"7,00","7,00","5,00","4,00","6,00","1,00","1,00","10,00"
spec_38,res_01012001,"3,00","10,00","3,00","5,00","8,00","2,00","2,00","10,00"
spec_38,res_01063200,"8,00","9,00","7,00","10,00","3,00","0,00","6,00","14,00"
spec_38,res_01000902,"1,00","4,00","2,00","2,00","2,00","2,00","2,00","5,00"
spec_38,res_01065500,"9,00","0,00","0,00","0,00","0,00","0,00","3,00","9,00"
spec_38,res_01090702,"0,00","3,00","3,00","2,00","1,00","1,00","0,00","4,00"
spec_38,res_01000901,"2,00","4,00","4,00","6,00","4,00","1,00","1,00","9,00"
spec_38,res_01000700,"6,00","5,00","3,00","5,00","4,00","1,00","5,00","11,00"
spec_38,res_01090501,"18,00","9,00","12,00","11,00","10,00","4,00","3,00","23,00"
spec_38,res_01090701,"3,00","13,00","5,00","9,00","8,00","2,00","2,00","20,00"
spec_38,res_01001100,"5,00","4,00","2,00","4,00","2,00","2,00","4,00","10,00"
spec_38,res_01090901,"0,00","0,00","1,00","0,00","0,00","0,00","0,00","1,00"
spec_38,res_01089200,"6,00","7,00","6,00","4,00","6,00","0,00","0,00","8,00"
spec_38,res_01001700,"8,00","6,00","8,00","4,00","8,00","1,00","3,00","13,00"
spec_38,res_01001903,"0,00","0,00","0,00","0,00","0,00","1,00","0,00","1,00"
spec_38,res_01001901,"3,00","2,00","3,00","3,00","5,00","1,00","3,00","6,00"
spec_38,res_01000402,"5,00","3,00","2,00","4,00","1,00","0,00","0,00","6,00"
spec_38,res_01002301,"8,00","2,00","2,00","7,00","2,00","1,00","1,00","9,00"
spec_38,res_01003001,"6,00","9,00","6,00","6,00","6,00","3,00","2,00","13,00"
spec_38,res_01012601,"7,00","10,00","4,00","8,00","8,00","3,00","3,00","17,00"
spec_26,res_01089700,"8,00","6,00","7,00","6,00","6,00","1,00","0,00","42,00"
spec_26,res_01000801,"11,00","12,00","11,00","12,00","11,00","10,00","10,00","97,00"
spec_26,res_01090600,"16,00","13,00","16,00","11,00","10,00","9,00","9,00","85,00"
spec_26,res_01000802,"7,00","6,00","6,00","7,00","5,00","6,00","6,00","37,00"
spec_26,res_01065600,"4,00","3,00","2,00","2,00","2,00","0,00","2,00","8,00"
spec_26,res_01007901,"10,00","10,00","10,00","10,00","10,00","10,00","6,00","58,00"
spec_26,res_01007905,"5,00","8,00","5,00","5,00","5,00","4,00","3,00","31,00"
spec_26,res_01007904,"5,00","6,00","6,00","6,00","4,00","5,00","4,00","30,00"
spec_26,res_01007903,"5,00","4,00","7,00","5,00","5,00","4,00","3,00","32,00"
spec_26,res_01007902,"4,00","4,00","3,00","4,00","5,00","3,00","2,00","26,00"
spec_26,res_01061000,"10,00","6,00","10,00","4,00","6,00","2,00","2,00","18,00"
spec_26,res_01064300,"6,00","5,00","4,00","2,00","2,00","1,00","0,00","13,00"
spec_26,res_01000503,"8,00","8,00","6,00","7,00","6,00","3,00","2,00","108,00"
spec_26,res_01000502,"11,00","7,00","7,00","9,00","6,00","3,00","3,00","140,00"
spec_26,res_01000501,"9,00","7,00","9,00","10,00","10,00","4,00","5,00","106,00"
spec_26,res_01062800,"2,00","2,00","2,00","1,00","1,00","1,00","1,00","7,00"
spec_26,res_01008500,"13,00","13,00","16,00","14,00","16,00","9,00","8,00","204,00"
spec_26,res_01065500,"1,00","1,00","0,00","0,00","0,00","0,00","0,00","2,00"
spec_26,res_01000700,"7,00","7,00","9,00","8,00","7,00","8,00","6,00","47,00"
spec_26,res_01090501,"15,00","19,00","16,00","17,00","15,00","8,00","10,00","126,00"
spec_26,res_01001700,"13,00","11,00","10,00","11,00","14,00","10,00","11,00","93,00"
spec_26,res_01063000,"2,00","1,00","1,00","1,00","1,00","1,00","0,00","6,00"
spec_26,res_01002701,"5,00","6,00","9,00","7,00","6,00","3,00","3,00","36,00"
spec_26,res_01003003,"0,00","0,00","1,00","0,00","0,00","0,00","0,00","1,00"
spec_26,res_01002301,"6,00","6,00","6,00","6,00","7,00","6,00","5,00","49,00"
spec_26,res_01003002,"1,00","1,00","1,00","1,00","0,00","0,00","0,00","2,00"
spec_26,res_01000602,"5,00","5,00","4,00","4,00","4,00","5,00","3,00","24,00"
spec_26,res_01002302,"5,00","4,00","5,00","5,00","4,00","5,00","5,00","25,00"
spec_26,res_01003001,"16,00","12,00","12,00","11,00","14,00","8,00","8,00","123,00"
spec_26,res_01012601,"7,00","6,00","6,00","8,00","6,00","6,00","6,00","38,00"
spec_26,res_01000601,"7,00","7,00","7,00","8,00","7,00","7,00","6,00","30,00"
spec_26,res_01064000,"4,00","2,00","1,00","2,00","1,00","1,00","1,00","8,00"
spec_26,res_01012602,"8,00","8,00","7,00","7,00","8,00","7,00","8,00","61,00"
spec_26,res_01090400,"11,00","10,00","11,00","10,00","11,00","8,00","7,00","85,00"
spec_26,res_01090800,"21,00","17,00","22,00","18,00","18,00","14,00","14,00","169,00"
spec_26,res_01001200,"1,00","4,00","3,00","3,00","2,00","0,00","0,00","5,00"
spec_26,res_01061600,"1,00","1,00","1,00","1,00","1,00","1,00","1,00","3,00"
spec_26,res_01061200,"4,00","4,00","4,00","3,00","2,00","1,00","2,00","11,00"
spec_26,res_01002603,"8,00","7,00","8,00","9,00","7,00","6,00","5,00","52,00"
spec_26,res_01092000,"8,00","8,00","9,00","8,00","7,00","1,00","0,00","49,00"
spec_26,res_01002602,"5,00","5,00","6,00","4,00","3,00","1,00","1,00","19,00"
spec_26,res_01002601,"12,00","8,00","9,00","8,00","9,00","7,00","8,00","79,00"
spec_26,res_01002606,"5,00","7,00","5,00","5,00","5,00","6,00","5,00","29,00"
spec_26,res_01002605,"7,00","7,00","8,00","6,00","6,00","7,00","6,00","35,00"
spec_26,res_01064900,"5,00","4,00","3,00","5,00","3,00","1,00","1,00","17,00"
spec_26,res_01000300,"22,00","20,00","18,00","16,00","17,00","17,00","18,00","101,00"
spec_26,res_01002604,"5,00","7,00","8,00","6,00","6,00","5,00","5,00","33,00"
spec_26,res_01090101,"31,00","30,00","27,00","30,00","26,00","25,00","23,00","273,00"
spec_26,res_01090502,"4,00","4,00","4,00","5,00","4,00","3,00","2,00","26,00"
spec_26,res_01062600,"2,00","2,00","3,00","1,00","1,00","0,00","1,00","6,00"
spec_26,res_01064100,"9,00","5,00","2,00","2,00","1,00","1,00","0,00","10,00"
spec_26,res_01090102,"1,00","1,00","1,00","1,00","1,00","1,00","0,00","3,00"
spec_26,res_01012001,"9,00","19,00","10,00","12,00","15,00","8,00","7,00","133,00"
spec_26,res_01012002,"9,00","9,00","10,00","9,00","11,00","6,00","5,00","91,00"
spec_26,res_01063200,"3,00","1,00","2,00","1,00","2,00","0,00","0,00","5,00"
spec_26,res_01012402,"14,00","11,00","9,00","6,00","7,00","5,00","5,00","33,00"
spec_26,res_01000902,"6,00","7,00","8,00","7,00","9,00","5,00","5,00","57,00"
spec_26,res_01012401,"12,00","10,00","9,00","13,00","12,00","10,00","9,00","78,00"
spec_26,res_01000901,"5,00","4,00","6,00","5,00","5,00","5,00","4,00","27,00"
spec_26,res_01090702,"0,00","0,00","0,00","0,00","0,00","0,00","1,00","1,00"
spec_26,res_01090701,"13,00","14,00","13,00","15,00","15,00","11,00","10,00","102,00"
spec_26,res_01001100,"20,00","21,00","18,00","21,00","20,00","20,00","19,00","161,00"
spec_26,res_01001903,"7,00","8,00","8,00","9,00","8,00","6,00","5,00","51,00"
spec_26,res_01089200,"11,00","10,00","8,00","7,00","10,00","7,00","6,00","64,00"
spec_26,res_01001901,"8,00","9,00","9,00","7,00","9,00","8,00","10,00","59,00"
spec_26,res_01061100,"8,00","4,00","3,00","2,00","1,00","1,00","1,00","9,00"
spec_26,res_01061800,"22,00","4,00","3,00","2,00","3,00","1,00","4,00","28,00"
spec_26,res_01000402,"15,00","12,00","10,00","12,00","15,00","8,00","8,00","121,00"
spec_26,res_01000403,"6,00","7,00","6,00","7,00","7,00","5,00","5,00","43,00"
spec_26,res_01000401,"14,00","13,00","13,00","12,00","14,00","8,00","8,00","136,00"
spec_26,res_01064200,"5,00","3,00","4,00","4,00","3,00","1,00","1,00","17,00"
spec_36,res_01089700,"4,00","2,00","5,00","3,00","2,00","1,00","2,00","19,00"
spec_36,res_01000801,"7,00","6,00","6,00","8,00","7,00","8,00","5,00","36,00"
spec_36,res_01090600,"17,00","9,00","7,00","8,00","6,00","5,00","5,00","53,00"
spec_36,res_01065600,"11,00","13,00","11,00","16,00","10,00","3,00","3,00","23,00"
spec_36,res_01000802,"1,00","1,00","0,00","0,00","1,00","1,00","0,00","2,00"
spec_36,res_01007901,"5,00","6,00","5,00","8,00","4,00","4,00","5,00","24,00"
spec_36,res_01007905,"1,00","1,00","0,00","0,00","1,00","0,00","0,00","3,00"
spec_36,res_01007904,"5,00","4,00","6,00","6,00","3,00","2,00","3,00","14,00"
spec_36,res_01061000,"10,00","9,00","10,00","9,00","6,00","4,00","3,00","17,00"
spec_36,res_01007902,"0,00","0,00","0,00","0,00","0,00","0,00","1,00","1,00"
spec_36,res_01064300,"13,00","7,00","10,00","13,00","1,00","1,00","4,00","20,00"
spec_36,res_01000503,"23,00","19,00","30,00","20,00","10,00","1,00","11,00","46,00"
spec_36,res_01000502,"4,00","4,00","2,00","4,00","4,00","2,00","4,00","12,00"
spec_36,res_01000501,"8,00","7,00","8,00","8,00","6,00","4,00","3,00","20,00"
spec_36,res_01090302,"5,00","3,00","4,00","4,00","4,00","3,00","4,00","9,00"
spec_36,res_01062800,"17,00","11,00","21,00","20,00","14,00","2,00","8,00","37,00"
spec_36,res_01008500,"14,00","12,00","6,00","10,00","7,00","4,00","4,00","38,00"
spec_36,res_01065500,"21,00","21,00","23,00","19,00","15,00","1,00","5,00","43,00"
spec_36,res_01000700,"4,00","3,00","3,00","4,00","4,00","2,00","3,00","18,00"
spec_36,res_01090501,"11,00","14,00","15,00","14,00","12,00","5,00","8,00","37,00"
spec_36,res_01001700,"5,00","4,00","5,00","4,00","4,00","3,00","3,00","17,00"
spec_36,res_01002301,"8,00","11,00","7,00","11,00","9,00","5,00","5,00","32,00"
spec_36,res_01000602,"7,00","10,00","2,00","8,00","6,00","2,00","2,00","16,00"
spec_36,res_01002302,"2,00","6,00","3,00","5,00","2,00","1,00","2,00","8,00"
spec_36,res_01003001,"5,00","5,00","5,00","7,00","4,00","4,00","4,00","26,00"
spec_36,res_01012601,"10,00","7,00","11,00","10,00","5,00","3,00","3,00","20,00"
spec_36,res_01000601,"4,00","4,00","5,00","3,00","4,00","4,00","3,00","18,00"
spec_36,res_01064000,"20,00","15,00","3,00","22,00","25,00","0,00","6,00","29,00"
spec_36,res_01012602,"12,00","10,00","11,00","11,00","7,00","3,00","8,00","39,00"
spec_36,res_01090201,"25,00","31,00","26,00","29,00","20,00","6,00","10,00","129,00"
spec_36,res_01090203,"13,00","17,00","18,00","9,00","12,00","1,00","2,00","31,00"
spec_36,res_01090400,"6,00","4,00","4,00","6,00","4,00","3,00","5,00","25,00"
spec_36,res_01090800,"8,00","9,00","7,00","7,00","9,00","2,00","1,00","25,00"
spec_36,res_01001200,"10,00","11,00","8,00","5,00","6,00","0,00","0,00","16,00"
spec_36,res_01061600,"11,00","15,00","15,00","12,00","9,00","0,00","5,00","23,00"
spec_36,res_01061200,"8,00","9,00","5,00","5,00","4,00","1,00","3,00","15,00"
spec_36,res_01002603,"7,00","6,00","7,00","6,00","8,00","4,00","4,00","25,00"
spec_36,res_01002602,"1,00","0,00","1,00","0,00","0,00","0,00","0,00","1,00"
spec_36,res_01002601,"7,00","5,00","12,00","6,00","6,00","4,00","5,00","25,00"
spec_36,res_01002606,"0,00","1,00","0,00","1,00","0,00","0,00","0,00","1,00"
spec_36,res_01002605,"5,00","7,00","3,00","6,00","4,00","3,00","3,00","17,00"
spec_36,res_01064900,"5,00","6,00","5,00","6,00","3,00","0,00","3,00","10,00"
spec_36,res_01000300,"5,00","7,00","7,00","9,00","9,00","3,00","4,00","22,00"
spec_36,res_01002604,"4,00","3,00","4,00","4,00","3,00","3,00","3,00","15,00"
spec_36,res_01090101,"8,00","6,00","7,00","7,00","5,00","2,00","4,00","24,00"
spec_36,res_01062600,"20,00","17,00","13,00","9,00","11,00","1,00","6,00","25,00"
spec_36,res_01064100,"23,00","20,00","26,00","15,00","14,00","12,00","5,00","32,00"
spec_36,res_01012001,"8,00","5,00","9,00","8,00","5,00","3,00","2,00","18,00"
spec_36,res_01012002,"8,00","5,00","9,00","6,00","7,00","3,00","3,00","16,00"
spec_36,res_01063200,"12,00","12,00","16,00","11,00","3,00","0,00","8,00","34,00"
spec_36,res_01000902,"2,00","3,00","3,00","3,00","3,00","3,00","3,00","14,00"
spec_36,res_01012402,"0,00","0,00","0,00","1,00","0,00","0,00","0,00","1,00"
spec_36,res_01012401,"7,00","6,00","8,00","5,00","6,00","3,00","4,00","30,00"
spec_36,res_01090702,"5,00","5,00","6,00","5,00","7,00","4,00","5,00","12,00"
spec_36,res_01000901,"8,00","7,00","7,00","5,00","4,00","4,00","3,00","19,00"
spec_36,res_01090701,"9,00","10,00","9,00","11,00","9,00","4,00","4,00","34,00"
spec_36,res_01001100,"6,00","6,00","6,00","5,00","5,00","5,00","6,00","29,00"
spec_36,res_01089200,"7,00","6,00","5,00","6,00","7,00","2,00","1,00","13,00"
spec_36,res_01001903,"0,00","0,00","0,00","0,00","0,00","0,00","1,00","1,00"
spec_36,res_01001901,"5,00","7,00","4,00","4,00","4,00","4,00","6,00","28,00"
spec_36,res_01061100,"14,00","12,00","11,00","14,00","5,00","1,00","6,00","25,00"
spec_36,res_01000402,"6,00","4,00","4,00","4,00","3,00","2,00","4,00","17,00"
spec_36,res_01000401,"5,00","5,00","3,00","3,00","4,00","3,00","3,00","19,00"
spec_36,res_01064200,"10,00","18,00","10,00","11,00","10,00","1,00","6,00","22,00"
spec_12,res_01090501,"1,00","4,00","1,00","3,00","1,00","0,00","0,00","5,00"
spec_12,res_01090600,"2,00","1,00","1,00","0,00","0,00","0,00","1,00","3,00"
spec_12,res_01090701,"4,00","14,00","3,00","13,00","7,00","0,00","1,00","29,00"
spec_12,res_01000300,"7,00","9,00","6,00","6,00","6,00","2,00","2,00","12,00"
spec_12,res_01090800,"10,00","10,00","8,00","6,00","6,00","1,00","2,00","13,00"
spec_12,res_01001200,"7,00","7,00","9,00","4,00","12,00","0,00","0,00","13,00"
spec_12,res_01090101,"0,00","1,00","0,00","0,00","0,00","0,00","0,00","1,00"
spec_12,res_01090201,"14,00","12,00","17,00","12,00","18,00","3,00","2,00","31,00"
spec_12,res_01090102,"10,00","7,00","9,00","8,00","4,00","1,00","5,00","17,00"
spec_52,res_01002601,"0,00","0,00","0,00","0,00","1,00","0,00","0,00","1,00"
spec_52,res_01000801,"3,00","4,00","4,00","3,00","1,00","0,00","0,00","4,00"
spec_52,res_01000901,"3,00","2,00","2,00","0,00","0,00","0,00","0,00","3,00"
spec_52,res_01090501,"9,00","7,00","5,00","5,00","5,00","0,00","0,00","13,00"
spec_52,res_01090600,"1,00","1,00","1,00","1,00","1,00","0,00","0,00","2,00"
spec_52,res_01090102,"14,00","15,00","13,00","20,00","7,00","3,00","4,00","69,00"
spec_52,res_01008500,"8,00","11,00","5,00","3,00","3,00","2,00","1,00","35,00"
spec_65,res_01090302,"14,00","10,00","11,00","12,00","11,00","4,00","5,00","66,00"
spec_49,res_01000801,"3,00","2,00","2,00","2,00","2,00","2,00","2,00","11,00"
spec_49,res_01090600,"3,00","2,00","3,00","2,00","2,00","3,00","2,00","17,00"
spec_49,res_01000802,"0,00","0,00","0,00","0,00","0,00","0,00","1,00","1,00"
spec_49,res_01007901,"1,00","2,00","1,00","2,00","2,00","2,00","1,00","6,00"
spec_49,res_01007905,"0,00","1,00","0,00","1,00","0,00","0,00","0,00","2,00"
spec_49,res_01007904,"0,00","1,00","0,00","1,00","0,00","0,00","0,00","2,00"
spec_49,res_01000502,"2,00","1,00","2,00","2,00","1,00","1,00","1,00","7,00"
spec_49,res_01000501,"1,00","1,00","1,00","2,00","1,00","2,00","1,00","6,00"
spec_49,res_01090302,"2,00","3,00","1,00","2,00","2,00","1,00","2,00","13,00"
spec_49,res_01090301,"0,00","0,00","0,00","0,00","0,00","0,00","1,00","1,00"
spec_49,res_01008500,"3,00","2,00","8,00","1,00","2,00","1,00","2,00","16,00"
spec_49,res_01000700,"2,00","1,00","1,00","2,00","9,00","2,00","2,00","14,00"
spec_49,res_01090501,"4,00","3,00","4,00","4,00","3,00","3,00","3,00","20,00"
spec_49,res_01001700,"2,00","1,00","1,00","1,00","1,00","2,00","2,00","8,00"
spec_49,res_01002301,"2,00","1,00","2,00","2,00","2,00","1,00","2,00","10,00"
spec_49,res_01003002,"0,00","0,00","0,00","0,00","0,00","1,00","0,00","1,00"
spec_49,res_01000602,"1,00","1,00","0,00","1,00","1,00","1,00","1,00","2,00"
spec_49,res_01002302,"0,00","1,00","0,00","1,00","0,00","1,00","0,00","2,00"
spec_49,res_01003001,"2,00","1,00","2,00","1,00","3,00","2,00","2,00","11,00"
spec_49,res_01000601,"2,00","2,00","1,00","2,00","2,00","1,00","1,00","8,00"
spec_49,res_01012601,"2,00","1,00","1,00","1,00","2,00","1,00","1,00","6,00"
spec_49,res_01012602,"1,00","1,00","1,00","1,00","1,00","2,00","2,00","8,00"
spec_49,res_01090201,"7,00","6,00","8,00","7,00","9,00","6,00","4,00","47,00"
spec_49,res_01090203,"9,00","9,00","1,00","7,00","10,00","0,00","0,00","12,00"
spec_49,res_01090400,"2,00","2,00","1,00","1,00","2,00","1,00","2,00","7,00"
spec_49,res_01090800,"3,00","1,00","2,00","3,00","3,00","3,00","2,00","9,00"
spec_49,res_01002603,"1,00","7,00","3,00","6,00","1,00","1,00","1,00","34,00"
spec_49,res_01002602,"0,00","0,00","1,00","1,00","1,00","1,00","0,00","3,00"
spec_49,res_01002601,"6,00","12,00","10,00","13,00","4,00","2,00","3,00","16,00"
spec_49,res_01002606,"0,00","0,00","0,00","1,00","1,00","1,00","0,00","1,00"
spec_49,res_01002605,"2,00","1,00","1,00","1,00","2,00","1,00","1,00","6,00"
spec_49,res_01000300,"6,00","4,00","2,00","3,00","6,00","2,00","2,00","12,00"
spec_49,res_01002604,"1,00","2,00","2,00","2,00","2,00","1,00","1,00","5,00"
spec_49,res_01090101,"4,00","2,00","2,00","4,00","4,00","3,00","2,00","24,00"
spec_49,res_01090907,"0,00","0,00","0,00","1,00","0,00","0,00","0,00","1,00"
spec_49,res_01088200,"1,00","1,00","0,00","1,00","1,00","0,00","0,00","1,00"
spec_49,res_01012001,"4,00","3,00","7,00","5,00","2,00","1,00","1,00","32,00"
spec_49,res_01012002,"5,00","3,00","3,00","3,00","3,00","0,00","0,00","45,00"
spec_49,res_01012402,"0,00","1,00","1,00","0,00","1,00","0,00","1,00","2,00"
spec_49,res_01000902,"1,00","0,00","0,00","0,00","0,00","0,00","0,00","1,00"
spec_49,res_01012401,"2,00","3,00","2,00","1,00","1,00","1,00","1,00","6,00"
spec_49,res_01000901,"2,00","2,00","2,00","2,00","2,00","2,00","2,00","9,00"
spec_49,res_01090702,"2,00","2,00","2,00","3,00","2,00","2,00","1,00","22,00"
spec_49,res_01090701,"2,00","8,00","8,00","4,00","2,00","2,00","2,00","39,00"
spec_49,res_01001100,"2,00","2,00","1,00","2,00","1,00","2,00","2,00","9,00"
spec_49,res_01001901,"1,00","1,00","1,00","1,00","1,00","2,00","2,00","8,00"
spec_49,res_01000402,"1,00","1,00","2,00","1,00","1,00","1,00","1,00","5,00"
spec_49,res_01000403,"0,00","0,00","0,00","0,00","1,00","0,00","0,00","1,00"
spec_49,res_01000401,"2,00","2,00","2,00","2,00","1,00","2,00","2,00","7,00"
spec_01,res_01090302,"5,00","3,00","0,00","5,00","5,00","0,00","0,00","5,00"
spec_01,res_01090101,"5,00","4,00","5,00","3,00","3,00","0,00","0,00","17,00"
spec_04,res_01000902,"9,00","6,00","5,00","2,00","0,00","0,00","0,00","12,00"
spec_04,res_01090302,"7,00","4,00","4,00","1,00","1,00","0,00","0,00","8,00"
spec_04,res_01090201,"9,00","8,00","5,00","5,00","0,00","0,00","0,00","13,00"
spec_04,res_01008500,"6,00","6,00","9,00","3,00","3,00","0,00","0,00","14,00"